,tinicialruptura,tfinalruptura,deltaruptura,turb,kruptura,tinicio,rglbprom,rglbmax,rglbmin,stdrglb,promkrup,tempromrup,tempminrup,tempmaxrup,stdtemp,hrelpromrup,hrelmaxrup,hrelminrup,stdhrel,promvelv,promvelu,prommag,maxmagnitudviento,minmagnitudviento,inicioviento,maginicioviento,Vamanecer,promagruptura,maxmagruptura,minmagruptura,maginicioruptura,magfirup,n_clouds,LCL_srf,z_cloudbase,z_inv_base,z_inv_top,qT_BL,qT_jump,qT_3km,thetaL_BL,thetaL_jump,thetaL_3km,BLwnd_dir_avg,BLwnd_spd_avg,dq_decoupling,dtheta_decoupling
0,50.0,255.0,205.0,3.446,0.8370212518491995,285.0,376.3890476190477,772.6,51.43,232.4369633907016,0.8544924398009492,15.270476190476192,12.61,16.94,1.3174864323473243,75.4852380952381,81.6,70.7,3.6079581673087517,-0.32436198234899255,2.11725589883036,3.2427200312770963,5.224999999999998,0.0,145.0,0.6693333333333332,2.8813333333333326,1.3928253968253965,3.2446666666666646,0.0,2.8339999999999983,3.2446666666666646,1.0,304.1037001229438,752.0,1812.0,1675.0,6.0067131828978635,-5.095260002685849,0.911453180212014,287.22379807692306,6.286858841269691,306.33151656569436,276.4058291098778,2.4435765998707173,3.2398979995721016,-3.562004172015463
1,95.0,295.0,200.0,3.418,0.24824923713377722,300.0,429.6819512195122,896.0,78.01,303.1833762446377,0.6000973733501412,19.030975609756098,17.04,22.71,1.7137806231808796,89.64951219512194,94.8,75.8,6.004461237787914,-0.23227785987073968,1.0399867426063207,1.4041127794809865,3.516333333333332,0.0,80.0,0.059333333333333356,3.516333333333332,1.48027753759143,2.6369999999999973,0.05733333333333334,0.9546666666666684,1.7506666666666673,1.0,329.9876235487334,172.0,392.0,796.0,11.121250000000002,-9.33201784797124,1.7892321520287622,289.4,19.158067445328356,314.99036300590797,65.0,0.19311299435028248,,
2,45.0,430.0,385.0,3.137,0.302281349832802,295.0,499.0805128205128,1023.0,39.31,357.11861026070704,0.6143151905160749,17.710128205128203,15.72,20.85,1.5919044329386491,90.58435897435899,95.2,79.05,5.3403559368081,-0.3933488530542141,0.7916624288482552,1.5337901264948035,3.8803333333333354,0.0,15.0,1.761333333333335,1.7000000000000004,1.249430909298802,2.769999999999998,0.0,1.5823333333333327,1.5216666666666665,1.0,153.2863283799297,128.0,312.0,505.0,10.873423913043478,-8.179599069433111,2.6938248436103667,289.229347826087,15.282315916823563,317.09388199482595,123.5,1.542,,
3,125.0,455.0,330.0,3.839,0.19353130384942005,295.0,347.95,1052.0,74.88,276.2688565036714,0.39753612167964236,18.053030303030305,16.47,20.02,0.8677113481354176,73.40348484848484,76.32,69.45,1.8874683837794206,-0.34974476386532183,1.4956694146730487,2.0694503881954067,6.529666666666664,0.0,125.0,0.3173333333333332,5.022333333333333,1.9907456777125823,3.111333333333331,0.0,0.3173333333333332,2.916999999999995,1.0,354.9919015476812,689.0,1162.0,1323.0,8.052074468085108,-5.644769383339344,2.407305084745763,288.1415329768271,6.958915111384613,312.35566522859006,24.837261284668433,1.0524884653961886,0.5497914003657733,-2.3023706515112963
4,60.0,275.0,215.0,3.914,0.4624632156235984,290.0,446.5031818181818,833.0,67.7,271.9181601210079,0.8190554445389364,18.35909090909091,16.47,20.09,0.9309230682420547,72.6725,78.81,68.33,3.1061268224606198,1.926988865149002,1.615999504271902,3.0738267527561005,7.753666666666665,0.0,15.0,2.389666666666666,2.253333333333333,4.63994696969697,7.753666666666665,1.0773333333333328,3.0076666666666667,5.632333333333333,1.0,317.46522208173707,765.0,828.0,267.0,9.147014285714285,-5.091085768316402,4.0559285173978825,289.83500784929356,5.091727678244638,314.1213778617183,152.33657137822266,1.1643673469387754,,
5,25.0,80.0,55.0,3.983,1.000143263796432,285.0,104.73583333333335,178.7,36.78,48.254871343039895,0.9598591057992687,18.98416666666667,18.33,19.59,0.4451446819617055,84.18333333333334,86.7,82.4,1.5781654097736597,-0.7995081153730219,-0.3334157221357675,1.2680488549795617,6.9486666666666626,0.0,15.0,0.0,2.849666666666666,0.042194444444444416,0.3160000000000001,0.0,0.0,0.0,,569.4678666673858,,128.0,416.0,,,2.9904361839278044,,,320.04396664757496,0.0,0.0,,
6,60.0,160.0,100.0,4.596,0.3026705205134766,295.0,186.88952380952384,475.6,42.51,141.20508947896283,0.5389477153183486,19.932380952380946,19.21,20.83,0.508654153250563,81.53428571428573,84.4,78.27,1.9922865542601336,1.136383611977999,2.2607538265673903,2.779060476373163,5.414999999999997,0.30500000000000016,80.0,2.619333333333332,1.5809999999999995,2.4363335456813724,3.8274247491638813,0.30500000000000016,1.5689999999999995,3.8274247491638813,1.0,216.74645815268843,128.0,617.0,728.0,11.680235173824132,-8.434530459183934,3.245704714640198,292.6850715746421,9.24546352345294,323.8433766664955,178.04594216692848,1.7844802259887007,,
7,40.0,210.0,170.0,4.074999999999999,0.39875006216200426,295.0,285.0288571428572,666.7,36.68,227.9584747630641,0.6484869394751995,19.219714285714286,18.08,20.66,0.8840697527520621,84.56457142857143,87.9,79.66,2.8022022252015235,1.3559314806711809,1.8446596089171179,2.6503420710824965,6.622666666666659,0.0,35.0,0.3813333333333342,3.7759999999999994,1.7262857142857144,3.472999999999999,0.295,0.6283333333333336,3.356000000000001,1.0,128.0,128.0,524.0,803.0,11.374431818181817,-8.082027179006559,3.2924046391752575,290.7170454545455,14.244976622465742,320.88731175013004,57.188097851133534,0.5281467889908257,,
8,75.0,360.0,285.0,4.140000000000001,0.7714796540278642,300.0,625.8862068965516,937.0,163.8,230.10739860798017,0.9696438461834526,19.28,17.71,20.45,0.5975505557412415,81.57379310344827,86.1,78.22,1.8421343719072518,1.7915072101710772,1.7445141717892336,3.003658897714604,6.659,0.0,35.0,1.0303333333333335,5.202666666666665,2.1066037558144006,2.936333333333334,1.1399999999999966,1.3976666666666657,2.611666666666668,2.0,128.0,563.0,563.0,914.0,10.80251724137931,-8.560190819007081,2.2423264223722277,290.70758620689656,14.915470008867032,320.3640870577807,59.18597686481513,0.43994915254237293,,
9,55.0,130.0,75.0,4.481999999999999,0.614652688710001,300.0,224.29250000000002,360.3,55.88,95.82818844160626,0.8149088836102697,19.12875,18.46,20.25,0.6149566380377292,93.14999999999999,93.7,92.3,0.33665016461207126,-0.030314351660996244,1.20568521176658,1.4326234076990647,4.037999999999999,0.0,15.0,1.014333333333333,2.474333333333334,1.152395833333333,1.915333333333333,0.4003333333333337,1.5330000000000006,0.6973333333333344,1.0,153.34547871860323,128.0,321.0,969.0,12.888238341968913,-5.822812750086163,7.06542559188275,292.44637305699484,19.486574351210493,317.0482956847926,121.88633364453965,1.081723163841808,,
10,105.0,230.0,125.0,4.71,0.42321018350630646,300.0,358.09615384615387,667.3,111.7,230.003531243795,0.6545918903091389,21.102307692307686,20.08,22.33,0.7072838620656218,81.74692307692308,86.0,77.82,2.7738706087065697,2.180132781802967,1.982037138580237,3.3054703722553436,7.3253333333333375,0.0,15.0,1.9306666666666679,5.792666666666676,4.361093816996827,6.001999999999998,2.2796666666666683,2.497999999999995,5.874333333333333,2.0,128.0,305.0,520.0,956.0,12.3475,-8.3069012311136,4.040598768886402,292.2,19.021628470278415,319.5739253344659,98.41842963832093,0.2771130434782609,,
11,20.0,320.0,300.0,3.8240000000000003,0.20417718064860724,300.0,409.99622950819673,907.0,9.98,303.72843380869,0.6756720844383357,19.265409836065576,18.08,20.81,0.7518301531828668,78.41557377049179,85.1,73.1,3.773238010246267,-1.0839389626044371,2.043147927633766,2.476500863216896,3.8880000000000003,0.24833333333333332,15.0,2.090666666666666,2.969666666666669,2.6150717144580296,3.5739999999999994,1.634000000000002,2.188333333333333,2.843666666666668,1.0,263.6255135509765,610.0,860.0,266.0,10.79350622406639,-7.714685295547598,3.0788209285187915,291.69672304439746,5.8850854108104045,321.8050837390585,5.801130787107163,1.5899681335356601,1.102589285714286,-0.6499999999999773
12,75.0,220.0,145.0,4.022,0.4948935592738819,295.0,270.13666666666666,654.4,91.2,209.57139592154687,0.5636953323858155,19.463333333333328,18.09,20.9,0.8381972993536054,76.462,81.6,70.86,3.3075956472212917,0.8453292488115687,1.2421313072329039,2.1945405923153407,4.183666666666663,0.0,70.0,0.747666666666667,2.1576666666666693,1.970576885916016,2.952173913043477,0.0,0.8669999999999999,2.952173913043477,2.0,212.97626273380502,521.0,717.0,327.0,10.659775862068965,-7.382522136903402,3.2772537251655627,290.9622395833333,5.833721845483865,322.30024442788795,205.4508891371612,0.7335095137420719,1.1982142857142861,-0.2797619047619264
13,105.0,185.0,80.0,4.226,0.975446910930934,300.0,408.79999999999995,606.0,177.7,146.18378415542537,0.9171840029342919,20.642941176470583,20.29,21.09,0.22709482341860865,77.9964705882353,79.85,76.92,0.799413387870055,0.2856186127105246,1.1288818569815051,1.9943836188675155,4.411333333333334,0.0,85.0,0.44100000000000006,2.3903333333333334,1.4349999999999994,2.114666666666665,0.21266666666666656,0.21266666666666656,1.7656666666666683,1.0,238.35029120179888,610.0,710.0,328.0,11.233830715532287,-7.020004715532288,4.213825999999999,292.00147991543344,5.265429759579035,321.10834491684744,256.2411900362697,1.3887780126849896,,
14,110.0,210.0,100.0,3.892,0.40018617561101416,300.0,279.67619047619047,621.4,127.1,157.44403419870156,0.5364291932743059,20.52047619047618,19.21,21.21,0.6931268007405011,83.18571428571431,87.9,79.52,2.9357904752018165,-0.4421192754172274,0.9903568505110462,1.7106363468501895,3.67866666666667,0.0,15.0,0.09033333333333335,3.2146666666666692,1.423412911473314,2.064000000000002,0.5713333333333345,1.707666666666667,1.2860000000000007,2.0,137.0,305.0,,,,,,290.875,,,,,,
15,120.0,135.0,15.0,4.641,1.172066234255252,310.0,403.22499999999997,432.5,366.4,27.559556721156948,1.0251011236476508,20.0325,19.59,20.39,0.3302902763731727,86.325,86.9,85.7,0.5315072906367332,0.2611088654899008,1.0911521892584253,1.890025927474297,3.4996666666666654,0.0,35.0,0.08833333333333333,2.6670000000000003,1.6351867335562984,1.8696666666666655,1.2453333333333325,1.6016666666666663,1.824080267558529,2.0,136.9999999999924,305.0,558.0,267.0,12.289323040380049,-6.735316578344508,5.554006462035541,291.93869047619046,4.958106813814766,322.14980397885165,220.7063050523785,1.6789262295081968,,
16,125.0,205.0,80.0,4.01,1.1168589437953576,310.0,521.335294117647,635.8,345.2,76.08359663206377,0.9775156722269763,19.69058823529411,18.85,20.08,0.3895906599919208,78.37176470588236,81.2,76.92,1.3133508446627935,2.7783491345616844,1.704067015890211,3.9487983633717323,7.920999999999994,0.0,90.0,2.931666666666664,4.648000000000002,4.233235294117646,5.193999999999999,3.2563333333333335,3.6570000000000036,4.629333333333332,2.0,200.3722782382152,468.0,737.0,990.0,11.314875,-9.196107876712329,2.118767123287671,291.931419939577,11.315923347925548,317.8797844582335,178.83338718244735,4.150577167019027,,
17,195.0,280.0,85.0,4.417,1.032110603548913,310.0,714.2722222222222,823.0,521.1,89.66089583441638,0.979141163465319,21.346666666666668,21.21,21.59,0.16570704127891328,78.64722222222221,79.4,78.16,0.3926651852563691,0.09366337051426003,1.0458077878826857,1.575994344792607,3.862000000000004,0.0,75.0,0.4439999999999999,1.9203333333333323,2.1477592592592587,2.4583333333333317,1.5759999999999983,1.5759999999999983,2.2356666666666647,1.0,137.00000000000756,137.0,528.0,782.0,11.664910485933502,-9.427042051461294,2.237868434472208,291.0196930946292,9.165939310398926,321.4306112935509,267.18674091237176,1.0922500000000002,,
18,165.0,260.0,95.0,4.603,0.31170725746045685,310.0,494.05,809.0,160.2,275.6007323724132,0.718712550499951,21.175999999999995,20.08,22.33,0.9851069939218196,82.69399999999999,86.4,77.62,3.3592533631589534,-0.5031641497988636,0.760850720238696,1.790376560061835,4.437999999999994,0.0,115.0,0.0,3.729666666666668,1.3011166666666665,1.9246666666666643,0.6043333333333336,0.6043333333333336,1.9246666666666643,1.0,137.00000000000756,137.0,460.0,800.0,12.131842105263159,-10.004174452403198,2.1276676528599605,291.202786377709,12.432886801674385,320.26319987376047,295.0,0.24323214285714284,,
19,105.0,285.0,180.0,4.636,0.5840767986184029,310.0,513.4486486486486,828.0,170.9,222.4225341072228,0.8294394864344314,21.022162162162164,20.45,21.96,0.326667815772938,80.54729729729729,82.8,77.59,1.2241406252021334,-0.7747597058133581,1.572078392868085,2.3158647691378667,4.152333333333334,0.009333333333333334,45.0,0.21600000000000003,3.7026666666666626,2.313763536111362,3.000666666666667,1.3913333333333324,2.232333333333334,2.2826666666666684,2.0,137.0,390.0,622.0,232.0,12.422525773195877,-8.66411876403618,3.7584070091596975,292.551976284585,5.598140583362465,325.36435852228243,255.13427534372767,1.2621797040169136,,
20,120.0,200.0,80.0,5.034,0.9449719728994225,305.0,454.2,584.0,249.4,104.52820791537563,0.9711379639449942,21.186470588235288,20.45,21.59,0.3893253969443588,77.5764705882353,80.2,76.25,1.318962381838801,-0.16857466886053607,1.6741890277690503,2.129632102975912,4.221739130434786,0.0,30.0,0.6009999999999985,2.8646666666666643,1.6773529411764705,2.0569999999999995,0.6489999999999996,0.7146666666666671,1.840666666666667,2.0,225.74645815268843,533.0,704.0,882.0,11.623915343915343,-8.853635924248497,2.7702794196668457,292.4854797979798,12.859809736677732,320.86407126054587,173.74539342479227,0.7019957716701903,,
21,55.0,170.0,115.0,4.938,0.517657290816815,305.0,292.6104166666667,492.4,58.89,147.94972872652934,0.8993766718381614,20.45249999999999,19.59,21.21,0.6998773184420007,86.13749999999999,88.6,82.8,2.142289003359035,-1.0340327174320418,1.3682905993115162,2.254448956196705,4.712666666666671,0.0,85.0,3.637666666666662,3.040333333333333,2.504166666666667,3.637666666666662,1.1189999999999996,2.7539999999999987,2.5939999999999985,2.0,137.0,459.0,459.0,845.0,12.282795031055901,-5.590545031055901,6.6922500000000005,292.4027950310559,12.346591783497558,316.3708755713236,13.131680195967917,2.3803095238095238,,
22,70.0,205.0,135.0,4.141,0.46913489068873016,300.0,316.48821428571426,592.6,70.72,184.77379834801357,0.7342573689820748,21.10785714285714,19.58,22.7,1.080001224769049,89.67142857142855,93.2,84.7,3.2218992722670463,-0.7423745923478087,0.9989062290847188,1.9324642285858968,4.17266666666666,0.0,15.0,0.628333333333333,1.773666666666668,2.2164166666666665,3.271999999999998,1.2213333333333343,2.3423333333333316,1.4486666666666683,1.0,389.8261572543216,198.0,276.0,519.0,13.156258992805753,-7.775245596090109,5.381013396715645,291.9,12.520615810788115,318.2773093421264,33.0,0.514,,
23,75.0,160.0,85.0,3.6950000000000003,0.6068678707645755,305.0,231.2944444444444,473.4,123.7,128.40980112960145,0.6204605491386387,20.768888888888878,20.08,21.21,0.33224528304337936,95.29444444444445,95.6,95.2,0.1392087819331804,-0.9397043420531644,0.5604077787543493,1.495189454818531,3.4443333333333364,0.0,15.0,0.739,2.091666666666669,1.4797962962962963,2.276333333333333,0.8553333333333336,1.3400000000000014,0.9193333333333339,1.0,162.38000052567298,137.0,137.0,430.0,,,3.4095193894389437,,,319.8378501987787,0.0,0.0,,
24,50.0,170.0,120.0,4.399,0.3603351631927129,305.0,170.58880000000005,467.0,35.56,133.30044768366935,0.4901437317457829,19.831999999999997,19.21,20.68,0.4308421984903522,93.63199999999999,94.1,92.0,0.6162521129105065,1.681700423519979,1.0849469569356263,2.8047429200730827,7.003666666666665,0.0,15.0,1.0303333333333338,1.5193333333333334,2.7621466666666663,5.477999999999997,1.1030000000000002,2.5253333333333337,2.806333333333335,,412.699370673051,,286.0,586.0,,,6.077865671641791,,,320.99168085264574,0.0,0.0,,
25,70.0,225.0,155.0,4.622,1.1221486669166028,310.0,306.315625,662.5,147.0,176.68598737613755,0.6919483177632236,22.532812500000006,20.83,24.33,1.057767687083846,91.16250000000001,94.8,85.3,3.085214479918174,-0.6746913869066091,1.2801247592079386,1.5946577790164749,3.6596666666666664,0.0,15.0,0.9116666666666685,2.189,1.2356354166666663,2.3429999999999978,0.0,0.6846666666666646,2.053333333333331,,490.8818206922746,,137.0,163.0,,,8.495213178294573,,,323.1109114818595,0.0,0.0,,
26,50.0,175.0,125.0,5.590999999999999,0.815317936858849,305.0,225.5661538461538,459.9,54.21,127.22116383925821,0.7973586128341792,21.764615384615386,20.46,23.22,1.0165598094326993,92.06153846153845,93.7,87.6,1.8986472917478756,-0.22336484538965148,1.3740059162690106,1.9146522491419833,3.9806666666666675,0.0,70.0,0.24533333333333368,3.0693333333333293,0.17410256410256394,1.001999999999999,0.0,0.023666666666666662,0.48033333333333256,,389.9244268535855,,223.0,555.0,11.515,-4.377399451553932,7.137600548446069,292.25,14.712237858302274,323.91112904107035,,,,
27,70.0,200.0,130.0,6.054,0.5181614066821248,310.0,301.80370370370366,539.8,66.37,175.05117592706225,0.8018630731958398,22.33703703703704,20.15,23.58,1.1708077908823813,83.35000000000001,91.0,78.19,4.525709464144396,-0.0909663757054617,1.4958611020310704,1.7318135103121515,4.223333333333339,0.0,15.0,0.9619999999999993,3.103,1.0675954828853382,2.0573333333333355,0.0,1.3336666666666657,1.8010000000000013,1.0,380.9735656976134,441.0,441.0,728.0,13.48905750798722,-5.914483287419514,7.574574220567706,293.8365814696486,6.511235284645352,319.3301296884782,332.99759137094804,0.7971355932203391,,
28,30.0,275.0,245.0,5.668,0.8065265998871122,310.0,284.26980000000003,752.0,20.39,266.55638801918957,0.5749905050197113,22.1476,20.46,23.96,1.1346033380410427,84.7008,89.7,79.1,3.2799824787983995,-0.9479050536796909,1.748236692834571,2.2474743629492036,4.530666666666664,0.047333333333333324,15.0,2.5376666666666647,3.460666666666668,2.327913333333333,3.1823333333333337,1.2946666666666675,2.4046666666666647,2.8373333333333286,1.0,381.0718514466796,505.0,,,,,,293.8271883289124,,,,,,
29,65.0,215.0,150.0,3.719,0.6705129622250808,315.0,356.24516129032264,641.1,97.7,203.93594229350498,0.7543395754314692,19.996774193548386,18.57,21.17,0.7691353894548271,76.72096774193547,82.4,72.7,2.9456140897258414,1.269062468929845,1.7291729935027966,2.695446937424805,6.510000000000003,0.028333333333333335,60.0,0.1073333333333333,2.490000000000002,2.4287898370913803,5.325000000000002,0.6963333333333334,0.7970000000000004,5.325000000000002,1.0,544.3635377796129,512.0,686.0,798.0,10.667876344086022,-10.114758092158,0.5531182519280204,291.640625,10.607336972510211,320.6196404947246,56.28333944911845,1.6758319502074688,,
30,45.0,255.0,210.0,3.8890000000000002,0.6046230447396999,315.0,401.9330232558139,758.8,56.46,230.5392913163444,0.8323722320892347,20.88511627906977,18.09,22.34,1.3634853310769481,78.52209302325583,87.9,72.79,5.341417485372718,-0.39935892134355744,0.9363792463727391,1.9695644857859531,4.2123333333333335,0.0,70.0,0.8196666666666669,2.6656666666666693,1.259604651162791,2.2856666666666703,0.13066666666666674,0.7706666666666674,1.515,1.0,430.85851327454895,610.0,672.0,867.0,11.493998161764706,-10.891551466668757,0.6024466950959488,292.278734439834,10.253458635197148,318.66363426407224,1.8857251501406889,1.5169398340248965,,
31,45.0,205.0,160.0,3.7680000000000002,0.2877537383857499,320.0,176.10636363636362,617.4,30.27,153.71910109876924,0.3943753835863292,18.833939393939396,18.46,19.33,0.258903208192021,95.4454545454545,95.6,95.0,0.20629303958645046,-1.2654059175499102,0.09046712055241289,2.7307253576737267,4.306666666666672,0.0,15.0,3.996333333333338,2.279333333333331,2.9971717171717174,3.668666666666663,1.6843333333333337,3.14166666666667,2.9196666666666666,1.0,229.44881733876485,260.0,287.0,612.0,13.813490566037734,-10.930470856980953,2.883019709056781,293.29999999999995,17.013647911032933,318.1833998364729,14.999999999999998,2.827,,
32,70.0,130.0,60.0,4.1579999999999995,0.5351007948246127,325.0,243.55384615384614,395.0,99.6,112.4693040743756,0.7655184525577395,18.986153846153847,18.46,19.58,0.4426537108082424,95.43076923076924,95.6,95.2,0.17974340685458035,-1.833743130345373,-0.7033417818848032,2.755994054254923,4.334999999999999,0.47033333333333327,55.0,2.301333333333334,1.6163333333333383,2.362333333333333,3.061999999999996,1.7299999999999989,2.675999999999997,2.0236666666666654,1.0,216.71196801981085,128.0,269.0,544.0,13.29,-9.813927304964537,3.476072695035462,292.54999999999995,14.685054840459827,318.6158782786053,,,,
33,35.0,110.0,75.0,4.066,0.34940137121852133,330.0,137.0325,332.3,31.48,102.02785276580116,0.5356313523438778,19.482499999999995,18.83,20.08,0.3968122981965149,89.65625000000001,91.3,87.9,1.1627374309504837,-0.7245480919767393,0.6133290556301948,1.3579645388277244,4.076333333333338,0.0,15.0,0.20899999999999977,2.375000000000003,0.3109726522471089,0.7596666666666672,0.008000000000000002,0.08766666666666662,0.24175084175084163,1.0,318.0185026888058,305.0,438.0,773.0,12.99909677419355,-9.309929261503195,3.6891675126903554,293.0901129943503,13.793545548679504,317.12480429276076,136.72294436376635,0.821819209039548,,
34,85.0,145.0,60.0,4.634,0.759872483182301,330.0,269.3692307692308,443.8,149.5,93.91258687928352,0.7475898100685472,20.482307692307685,20.07,20.83,0.3420563756203995,85.30000000000001,87.4,83.5,1.377800179029359,-1.1452056910401316,0.5397438066002529,1.810758681140092,4.443478260869564,0.0,60.0,2.021666666666669,1.390666666666668,2.2065972043564024,2.5963333333333334,1.929096989966554,2.251333333333332,2.0523333333333356,1.0,381.0227072304882,464.0,637.0,938.0,12.357681728880156,-7.847836111350275,4.509845617529881,292.6919642857143,15.326459188041213,314.1131753484831,204.58110250777318,1.1820933609958506,,
35,35.0,200.0,165.0,4.949999999999999,0.5821069394685249,330.0,271.40176470588233,587.7,40.27,190.71666532622442,0.6864506571639774,19.917058823529413,18.47,21.96,1.1946079093330157,89.55882352941177,92.8,81.7,3.557162441410443,-1.7209214217923423,0.4783619994590982,2.51877432132504,4.9999999999999964,0.027666666666666676,100.0,2.7423333333333333,3.411333333333331,2.4257387814186075,3.3046666666666664,0.8803333333333323,2.3033333333333315,0.8803333333333323,1.0,317.5020933178756,305.0,349.0,661.0,12.248574660633484,-5.8597514137554825,6.388823246878001,292.0265536723164,9.891782684565612,315.1408416192623,310.0,0.19311299435028248,,
36,100.0,145.0,45.0,4.75,1.1299283494390142,320.0,333.80000000000007,406.8,271.7,48.84949675619325,0.9951659238093166,19.967999999999996,19.46,20.45,0.32030540981312744,88.44,90.1,86.8,1.0637460014287032,-0.8155053480096041,0.9424033491710324,1.781557084234298,3.9023333333333365,0.0,15.0,1.2270000000000003,3.641000000000002,0.5357698996655522,1.1750000000000014,0.0,1.1213333333333326,0.2096989966555184,1.0,317.8340256405639,430.0,430.0,633.0,12.207384105960266,-7.2414217262577285,4.965962379702537,292.35347682119203,10.621105050938127,313.08482854305316,323.57746332458294,1.799,,
37,50.0,330.0,280.0,4.029999999999999,0.4135265776136843,325.0,307.96298245614037,928.0,46.66,290.91456199719113,0.46317288584125443,19.450350877192978,17.71,21.96,1.2618466695854371,89.92157894736842,94.1,79.73,4.978099102739088,-0.6401165033016698,0.7369194631780824,1.5716122729174313,3.72866666666667,0.0,75.0,0.35800000000000043,1.689999999999999,1.2048362573099416,2.5043333333333346,0.0,0.5266666666666664,1.276666666666667,1.0,165.94600211138555,128.0,128.0,233.0,,,3.701157952871871,,,315.4060802393055,0.0,0.0,,
38,85.0,175.0,90.0,5.553,0.534862966082991,330.0,316.86315789473684,492.3,113.4,127.4614635031411,0.8255119096439135,20.41052631578947,19.58,21.21,0.541812530967539,84.52105263157894,87.4,82.2,1.7115876149770104,-0.6486635734604835,1.0326965165939879,1.64181447417317,3.8096666666666668,0.0,15.0,0.1703333333333333,2.9236666666666666,0.9270049873848503,1.2453333333333336,0.3946666666666673,1.1739999999999986,1.2453333333333336,1.0,292.5077473824416,447.0,447.0,669.0,11.935329153605016,-6.755418353219288,5.179910800385728,291.87257053291535,10.274611616046798,316.71135500517687,275.0,0.514,,
39,110.0,325.0,215.0,4.202999999999999,0.31366073088873153,335.0,332.14090909090913,920.0,110.8,215.28959222425163,0.46381995694834904,19.945909090909094,19.17,20.83,0.4389009433288656,75.0684090909091,77.66,73.06,1.3664126231338838,0.11575971226979467,1.7430627844100466,2.0410503621200853,4.822333333333337,0.0,45.0,0.9483333333333339,3.1116666666666677,2.5184777541299286,3.916333333333336,1.3539999999999994,1.798666666666666,3.49366666666667,1.0,594.8292992914855,556.0,840.0,943.0,10.476376404494383,-8.832343420986138,1.6440329835082457,291.7996495327103,12.205377129444003,313.4842756900863,179.47447781141807,1.6671671469740637,0.43347622917513284,-1.009046119463619
40,105.0,415.0,310.0,4.536,0.19702106297647193,345.0,344.099365079365,954.0,64.74,296.1188141056429,0.4212435161208942,20.382380952380952,18.84,22.34,1.0291598739180172,75.84206349206349,80.2,70.5,2.6602905242328507,-0.8222686270089362,1.6449671150870537,2.0237858254366405,5.163333333333336,0.0,70.0,1.164333333333334,4.535666666666668,2.01531746031746,5.010333333333337,0.2996666666666668,1.0786666666666658,4.882333333333336,1.0,644.7933353947051,610.0,967.0,1157.0,10.013098927294397,-4.451168617559883,5.561930309734514,291.5719917012448,12.724680793514665,311.27928506157735,309.8015957926517,1.198352417302799,0.34774011299435337,-0.890112994350261
41,55.0,220.0,165.0,4.305,0.38090081257593694,330.0,264.8461764705882,644.8,51.15,218.4131566552004,0.5438643526281784,20.074705882352948,18.83,21.59,1.0702088023233645,89.6529411764706,92.8,84.4,3.1878781101102,-0.8577725560225173,0.6682993744795236,1.4284825498575497,3.904333333333336,0.0,15.0,0.42099999999999993,0.64,1.3684019607843136,3.265666666666669,0.0,0.826666666666666,2.3419999999999987,1.0,317.8709170662177,305.0,401.0,716.0,12.66813186813187,-7.525327230736704,5.142804637395165,292.3,14.12738058005516,316.32676970781625,20.0,0.257,,
42,60.0,135.0,75.0,4.3100000000000005,0.4925068710754334,335.0,205.02,397.0,59.66,126.2433092616529,0.6277740349917755,20.537499999999994,19.86,21.21,0.4164372701860392,90.37499999999999,92.0,88.6,1.0692676621563628,0.5700528435659573,1.1471377364520265,2.0709139831120624,6.498000000000004,0.0,30.0,1.110333333333333,6.276,1.4743750000000004,1.9346666666666656,0.8903333333333351,0.9783333333333335,1.2486666666666684,1.0,280.023535669723,216.0,447.0,737.0,13.299388714733542,-8.388686275709151,4.91070243902439,292.7,18.46217246316064,316.64092542626514,212.58081905598038,2.185225988700565,,
43,170.0,350.0,180.0,3.991,0.35543329543610125,340.0,505.9486486486486,895.0,196.6,265.7939277184714,0.6230355639112041,21.639189189189196,21.21,22.34,0.4523910450679339,85.44324324324324,87.0,81.9,1.5637455996102123,0.6322546184088308,1.4788646525191393,2.008402762294067,4.419333333333334,0.0,15.0,1.3276666666666672,4.096666666666663,2.8485750097924005,3.521333333333338,2.1510000000000016,3.17866666666667,3.0489999999999995,1.0,238.44881733876485,216.0,429.0,631.0,13.683989726027397,-9.095547491178912,4.588442234848485,293.15,11.338725704051058,318.1893242865815,21.784704668437843,0.8765535714285716,,
44,45.0,235.0,190.0,4.21,0.29889898420647215,335.0,271.84589743589737,734.9,31.24,233.17195808106436,0.5232243003126961,19.409743589743588,18.09,20.83,0.8493820886524609,82.54974358974358,87.0,77.66,2.8925316603639497,0.9352619467332453,1.0405493147751441,2.0491563560997923,4.337333333333337,0.0,25.0,0.5960000000000001,2.094666666666666,1.4201550467369866,2.371,0.10666666666666663,0.6450000000000007,2.2343333333333337,1.0,364.47827770925096,305.0,610.0,914.0,11.267938689217758,-8.039572038803325,3.228366650414432,290.8255952380952,14.46556242608591,316.06544578356574,30.98546585782607,1.313405263157895,,
45,130.0,245.0,115.0,3.495,0.4106449740670122,340.0,437.0375000000001,765.0,168.7,231.37016795508708,0.6580087396148773,19.57833333333333,18.09,20.83,0.7907490486690542,72.75333333333333,77.49,67.96,3.0438472033105497,1.8848050638720224,1.687385222965637,3.0245677218815805,6.572666666666664,0.23411371237458184,155.0,2.9853333333333336,3.9646666666666657,2.642,5.6996666666666655,0.38033333333333347,0.9246666666666667,5.667666666666668,1.0,578.3821515586642,610.0,790.0,874.0,10.310803981623279,-8.318600144692823,1.9922038369304556,291.3861522198732,11.285601045694534,315.5436909762969,145.62150631814345,2.5700000000000003,0.53410714285714,-0.8797619047618923
46,60.0,260.0,200.0,3.973,0.4462039898203848,335.0,304.6229268292683,745.4,57.03,251.13149919159787,0.5253021010398352,19.30780487804879,18.16,20.83,0.937916606621084,69.43707317073171,75.57,62.82,3.885642960889767,1.044750048271219,1.4903285512171247,2.586329717886783,7.074999999999996,0.3946666666666667,15.0,1.8596666666666672,3.025666666666668,3.2897642276422774,7.074999999999996,1.572333333333334,2.3356666666666666,6.496666666666667,1.0,628.0600807393032,914.0,1061.0,1184.0,9.329448051948054,-8.33764226452457,0.9918057874234837,291.54214929214925,7.848678953948763,316.4971446352385,177.3599747144183,1.8171917631917633,1.128035714285712,-0.5187500000000114
47,25.0,260.0,235.0,4.042999999999999,0.7116959733929236,330.0,372.92270833333333,744.6,27.88,249.06328957045798,0.7938331481443274,18.911666666666665,14.97,20.86,1.9164998385613479,79.25979166666666,88.7,72.69,5.6782059983703554,-0.04214923407516283,-0.12303930198914664,2.509536156985502,4.897333333333331,0.0,140.0,0.14199999999999985,2.417333333333333,1.7789748234856928,3.947333333333329,0.004,3.8039999999999994,2.4446666666666688,,388.7949885402503,,773.0,1102.0,9.959300314465409,-9.417682828126612,0.5416174863387978,291.8526729559748,7.81781708793369,316.0984340681159,159.48003925549173,0.6676091954022989,0.20792207792207584,-3.199350649350606
48,95.0,330.0,235.0,4.465,0.23934313388507883,345.0,374.320625,868.0,68.7,292.00104727592907,0.513439555646029,20.902291666666667,19.58,22.33,0.9008417802925042,83.51291666666667,88.6,78.24,3.538874059630983,0.11698665993665279,1.6725679371806004,2.7940298332404314,5.815333333333329,0.0010000000000000002,80.0,0.048333333333333374,4.901000000000004,3.017784722222222,5.212666666666666,0.5703333333333327,0.9906666666666646,5.1389999999999985,1.0,301.5077473824416,305.0,425.0,633.0,12.174583333333333,-7.76133214849921,4.413251184834123,291.95000000000005,11.162648300647845,315.53155115741424,344.92326599512813,1.7990000000000002,,
49,120.0,185.0,65.0,4.492,1.0247697108608476,335.0,452.8071428571428,558.2,360.4,67.95237545274139,0.9812589383975769,19.84857142857142,19.58,20.08,0.24927146594879995,81.13571428571427,81.6,80.4,0.4908503498359374,-2.3392790109579713,1.268070912416237,3.332393692710268,5.632000000000002,0.08766666666666663,15.0,2.6139999999999994,5.132666666666664,3.6524285714285716,4.674999999999998,2.7630000000000003,4.674999999999998,3.868666666666667,1.0,528.5484944602798,495.0,738.0,962.0,11.377454242928453,-10.019492423725758,1.357961819202695,292.0734636871508,11.216682474799086,314.8650298845466,350.5561666408825,2.79331289640592,,
50,90.0,225.0,135.0,4.215,0.4008416335751804,345.0,337.3892857142856,687.7,107.6,184.39799014588326,0.6433857627679522,18.437499999999996,16.97,19.59,0.7422569436323044,87.75000000000001,93.2,83.1,4.157322856518763,-0.7011324419372901,0.5209034330062428,1.1813566216066531,2.8836666666666653,0.0,15.0,0.04366666666666668,0.0,1.5812261108456762,2.6046666666666662,0.6526666666666671,1.0216666666666652,1.256000000000001,1.0,237.97613401331998,171.0,,,,,,288.85,,,,,,
51,55.0,160.0,105.0,4.429,1.0637208234447486,345.0,207.04954545454547,454.7,48.39,127.65214043221684,0.7029085400471977,23.252727272727267,21.61,24.84,0.9371140186672505,55.81590909090908,59.86,50.83,2.6640296349898014,-0.2725941209209777,-0.3918412811349389,1.0811129801457258,3.476333333333337,0.0,15.0,0.0,0.6203333333333336,1.2154686834904236,2.2486666666666695,0.0,1.5680000000000005,1.1503333333333339,,1513.5373744827205,,137.0,287.0,,,7.646147822765469,,,307.95802732614015,0.0,0.0,,
52,35.0,145.0,110.0,3.814,0.4515078457326893,350.0,227.03217391304347,429.7,36.57,138.75324857643457,0.7667678426912212,19.04608695652173,18.47,19.59,0.4542500225690173,95.23913043478261,95.6,94.8,0.23108268971553325,-0.19436579484680244,0.25409164244677146,0.7252086902380709,3.4413333333333376,0.0,105.0,0.0,2.4040000000000012,0.11627536231884061,0.7336666666666672,0.0,0.315,0.6490000000000006,1.0,301.3798367439032,180.0,137.0,472.0,,,6.339087154068566,291.75,8.168610222272264,309.1526540751785,0.0,0.0,,
53,50.0,240.0,190.0,3.283,0.318215020249105,355.0,342.13794871794875,693.6,48.16,233.3938320925371,0.6392667254079195,19.80384615384616,18.1,21.21,1.035871398705395,80.25128205128205,87.2,75.33,4.4961528464180995,0.9483659236453309,1.3252042315998442,2.306683444073043,6.493666666666666,0.0,50.0,1.6353333333333329,2.3666666666666676,2.550672383729239,5.013333333333337,0.951333333333333,1.6353333333333329,5.013333333333337,1.0,478.86044167162606,559.0,559.0,659.0,11.328888888888889,-7.471490601950988,3.8573982869379013,292.1141414141414,6.737438449877288,309.6605649168323,150.00000000000003,2.313,,
54,65.0,175.0,110.0,3.758,1.1372388889186416,350.0,332.26086956521743,508.2,172.4,106.12665134867025,0.9690167889489821,20.19565217391304,16.87,24.64,2.523152476362127,45.38826086956522,56.21,30.48,9.807557221659556,-0.3950422848324422,-0.04131363168393632,0.574588822308931,2.250666666666667,0.0,25.0,0.0896666666666667,1.3926666666666683,0.20030027628326288,0.7650000000000001,0.0,0.02474916387959866,0.0,,2116.9273537603976,,137.0,305.0,,,3.5869273967107898,,,311.7178945728963,0.0,0.0,,
55,80.0,195.0,115.0,3.4330000000000003,0.8471124835663678,360.0,388.2958333333333,556.4,197.4,105.76106984579692,0.9025426313301826,17.996666666666663,16.97,18.83,0.6417480656068589,80.49625000000003,84.1,77.59,2.345650577224745,-1.795164229705048,0.2502535069263792,2.614658790680728,5.501999999999997,0.055333333333333325,20.0,1.7600000000000005,4.167333333333335,1.745638888888889,2.4100000000000015,0.9950000000000011,2.4100000000000015,2.0023333333333357,1.0,338.51599227417535,474.0,677.0,1104.0,9.550962962962965,-7.570203353444966,1.980759609517999,288.80964391691396,11.845220003858401,311.0011726225632,311.5334432554879,2.1592346723044398,-0.1306521739130453,-1.4304347826087564
56,75.0,140.0,65.0,3.864,0.7283102089251233,370.0,272.7642857142857,434.7,159.1,109.93761592650806,0.7521980179517518,18.665,18.09,19.21,0.39742923898475313,79.96857142857142,82.8,77.56,1.6639288868997195,-1.5226203392013555,0.8364313945974458,2.2942333317849624,4.429333333333331,0.0,115.0,1.2113333333333323,2.491333333333332,1.3353571428571427,2.0663333333333336,0.6940000000000003,1.4943333333333326,1.379333333333333,1.0,389.4822991775218,397.0,699.0,827.0,10.461619217081852,-8.528354162787675,1.933265054294176,289.9853846153846,10.21195359001274,315.54960569261874,48.53798421483616,1.2105623678646935,,
57,40.0,65.0,25.0,3.979,0.7192398290160095,365.0,51.904999999999994,137.6,16.9,45.316849736052916,0.5002881237878167,14.086666666666668,13.85,14.23,0.18736773112429692,87.95,88.6,87.0,0.6156297588648544,-0.2197557199281632,0.2524579783670078,3.1377007238946715,5.423666666666667,0.1916666666666668,15.0,4.196666666666666,3.4210000000000007,5.182277777777776,5.423666666666667,4.798666666666667,4.798666666666667,5.217666666666664,1.0,329.20175072262845,914.0,128.0,223.0,,,3.43494746716698,289.3290076335878,-3.8839271103425403,309.114837181985,0.0,0.0,,
58,45.0,190.0,145.0,3.3970000000000002,0.6360767863847255,375.0,168.22666666666663,517.2,43.3,146.6291044951768,0.4730116635956287,14.995333333333338,13.85,16.09,0.5504714802555286,95.62666666666661,96.0,95.2,0.13879613761229906,-0.04344819374880271,-0.2263405512628817,1.266491934129591,3.9886666666666666,0.0,75.0,0.027,3.588333333333331,1.2185555555555552,2.4566666666666683,0.0,1.6059999999999985,1.8293333333333328,1.0,153.18783071774865,128.0,128.0,382.0,,,3.714076662431173,,,309.353269862655,0.0,0.0,,
59,45.0,145.0,100.0,3.532,1.0439642073419904,370.0,220.5857142857143,375.5,83.0,98.1903064753048,0.9226970283198105,14.664285714285711,13.29,15.35,0.6873032185911211,95.28571428571429,95.6,95.0,0.1558387444947942,-0.500728556150453,0.07916624854630833,1.3763978616994923,3.6730000000000005,0.0,85.0,0.8883333333333335,1.388333333333333,0.7778072410681108,2.021333333333335,0.030666666666666675,0.6393333333333339,2.021333333333335,1.0,128.0,128.0,275.0,485.0,9.93452380952381,-7.806249802901294,2.128274006622516,287.29999999999995,9.247397429686202,312.3214642826806,52.87399279544218,1.542,,
60,30.0,100.0,70.0,3.053,0.6883126693872627,385.0,126.52799999999998,288.4,46.55,77.06490272120358,0.6580314793330692,17.149333333333335,16.1,18.6,0.7881032081311861,58.89533333333334,63.3,54.57,2.636542288319161,-0.4029963624943547,-0.2564152377216903,0.9329574391490151,3.9706666666666623,0.0,50.0,0.0,3.4786666666666624,0.3734222222222222,1.7906666666666673,0.0,0.5233333333333333,1.7906666666666673,,2113.264077299983,,128.0,358.0,,,3.9734751234333454,,,306.1027842000813,0.0,0.0,,
61,35.0,115.0,80.0,2.968,0.7324801381549496,400.0,151.40588235294118,286.1,24.91,81.43415070310057,0.723397484642431,11.217647058823529,9.85,12.92,1.0091737301609958,85.87176470588236,92.1,70.56,7.530477437797451,-0.8493527426935625,0.28728798553892443,2.4570656935154216,8.90166666666666,0.0,50.0,0.3640000000000004,7.761999999999998,1.1223529411764708,2.372666666666664,0.14533333333333343,0.19833333333333317,1.389333333333333,1.0,203.4447192954162,128.0,128.0,214.0,,,4.097595887702649,,,294.3811440123333,0.0,0.0,,
62,55.0,90.0,35.0,2.993,0.7207724506224745,410.0,143.42499999999998,204.1,80.1,46.210628029243914,0.8079734263268994,9.342500000000001,8.73,10.07,0.4429688799130573,63.13624999999999,66.07,61.19,1.6808495938491497,-0.15172742603675587,-0.45510765806888187,1.6692674462715222,5.6610000000000005,0.0,15.0,0.26966666666666683,2.1903333333333386,0.8804999999999995,1.8156666666666672,0.14399999999999988,1.8156666666666672,0.6969999999999992,,874.3104614662778,,128.0,223.0,,,3.0434999999999994,,,306.6653168148813,0.0,0.0,,
63,50.0,120.0,70.0,2.543,0.5693844813262098,420.0,169.54,305.6,84.5,66.61578320059422,0.6531388367465103,12.787333333333331,11.47,13.85,0.7877405906104101,61.321999999999996,63.77,59.57,1.4887396395225445,-0.20333856985882573,-0.22609360309000412,0.7055543247823757,3.4769999999999976,0.0,70.0,0.619000000000001,0.9103678929765892,0.3718710516536604,1.1936666666666698,0.0,0.40099999999999947,0.11999999999999993,,999.6491529070935,,139.0,324.0,4.79,-2.4321849071513237,2.3578150928486763,283.05,12.151759214337574,308.85340251313164,,,,
64,45.0,95.0,50.0,3.674,1.0766931753943814,415.0,148.9918181818182,225.9,65.53,60.513443600274776,0.9192513489996287,8.207363636363638,7.984,8.73,0.2821762827479561,93.84545454545454,94.1,93.7,0.1507556722888801,-0.5477701740602985,1.3698544224758809,4.554887774061687,10.465,0.14633333333333334,55.0,4.099666666666667,3.793333333333332,3.9347878787878794,4.403333333333335,3.3923333333333305,3.3923333333333305,4.403333333333335,3.0,140.55150872549896,2134.0,128.0,204.0,,,3.727389492753623,285.80550847457624,-3.083568572421143,291.90109231148415,0.0,0.0,,
65,85.0,280.0,195.0,2.632,1.0599034728089918,410.0,389.6474999999999,571.1,152.3,145.1527736073184,0.8579948739715872,14.526749999999998,11.85,16.09,1.4032167942961886,90.77250000000001,96.3,82.0,5.965799428451548,-0.008272394346491442,0.45351578579872015,1.5964647603390718,5.238333333333336,0.0,155.0,0.6626666666666642,0.4010000000000003,1.5451629793195814,2.656999999999998,0.17892976588628717,1.9000000000000008,2.656999999999998,1.0,153.18783071774865,128.0,128.0,188.0,,,4.536272040302266,,,303.2186701339095,0.0,0.0,,
66,55.0,150.0,95.0,3.293,0.855813978035231,410.0,224.24449999999996,379.2,63.39,103.7334099595791,0.8657072435755232,16.523999999999997,14.98,19.32,1.418659114872395,63.71899999999998,67.59,55.1,3.9749914266706607,-0.11599443893482093,-0.19197091715866152,0.6687240494040538,2.939333333333328,0.0,75.0,0.08266666666666664,0.0,0.5248799888517277,1.4646666666666648,0.0,0.0,0.01933333333333333,,1003.7261419443176,,147.0,306.0,6.69,-1.6138919777601277,5.076108022239873,287.65,7.684896033317898,307.9576245171038,,,,
67,60.0,305.0,245.0,3.013,0.37544767563628784,420.0,300.011,651.6,53.81,199.63273988420204,0.6130568513898436,14.4066,12.36,16.89,1.5079552448292897,90.59120000000001,96.0,73.57,8.036727336777968,-0.41059277309121067,0.1376539136989926,1.8562209582316482,5.2642140468227465,0.0,170.0,0.0,2.3486666666666647,1.302986666666667,3.485666666666666,0.0,3.0660000000000003,1.7576666666666656,1.0,128.0,128.0,,,,,,,,,,,,
68,20.0,260.0,240.0,3.1950000000000003,0.7909467688493761,415.0,216.13224489795917,611.9,30.43,168.5474104204475,0.5688949186863751,12.965714285714284,11.09,14.97,1.267410417610123,89.82448979591835,93.7,81.2,4.317142699568244,-0.3272598564210337,-0.18320125811900287,2.070616750035912,5.5313333333333325,0.0,95.0,0.0,5.101333333333336,0.9457728533775683,3.0606666666666653,0.0,0.5451178451178459,2.628282828282824,2.0,165.77611393604934,1133.0,,,,,,286.85990049751246,,,,,,
69,45.0,90.0,45.0,3.153,0.853488374875356,420.0,162.04000000000002,238.9,97.0,49.974975960196545,0.8442814755231515,11.145000000000001,10.96,11.47,0.15671984912930195,94.5,94.5,94.5,0.0,-0.7501994405525616,-0.12594653941796174,2.240889111907962,6.3673333333333275,0.0,15.0,3.396999999999998,3.998333333333334,2.7553333333333327,3.448666666666667,1.8050000000000008,2.1809999999999983,1.8050000000000008,1.0,128.00000000000733,128.0,128.0,190.0,,,3.43916149068323,,,299.9140433647417,0.0,0.0,,
70,55.0,290.0,235.0,3.244,0.20329370861234256,405.0,321.9364583333333,863.0,21.98,218.75038063421798,0.7178241904462096,10.861666666666665,8.35,12.98,1.5021124604940974,81.21416666666666,87.8,67.87,5.650615042153369,-1.7258097484266015,3.0631700433803255,5.077328075042702,12.979000000000001,0.0,45.0,3.344333333333334,3.211999999999998,2.6606910999628393,5.581666666666664,0.13866666666666666,3.966666666666669,1.757333333333335,1.0,240.7630101729415,1088.0,128.0,221.0,,,3.2169443433975995,284.04322916666666,-1.3086266675572915,289.91960179732297,0.0,0.0,,
71,55.0,135.0,80.0,3.174,1.0717530756453655,405.0,190.87058823529412,378.1,93.7,97.69831603401542,0.7092065468190185,8.558176470588236,7.606,9.18,0.5252227188648305,91.78235294117646,92.1,91.4,0.27211048794020515,-0.036767510221218797,0.18661787839147406,0.9288449093498257,4.647666666666663,0.0,15.0,0.2280936454849496,2.0109999999999983,0.4808373346959488,1.2723333333333333,0.0,0.8176666666666664,0.33233333333333365,,884.7677840968992,,137.0,344.0,,,1.3581992496873696,,,306.7199751437083,0.0,0.0,,
72,35.0,280.0,245.0,3.248,1.1261477847920698,405.0,375.7396,764.1,39.99,226.58889170640006,0.8326162602898108,14.920400000000003,12.97,16.09,0.9721005239024558,89.446,95.1,80.8,5.5836572756060665,-1.2348641387824104,0.5784163297190383,1.7946888860532526,5.275666666666664,0.0,55.0,0.3576666666666666,4.950333333333337,1.6633972454117005,3.902675585284281,0.0,0.912666666666669,3.886333333333326,2.0,137.00000000000745,1651.0,1700.0,1720.0,7.712619961612284,-6.886539805209547,0.826080156402737,289.2750660501981,5.042292073383464,309.2731121416452,311.239000453185,3.9029152542372882,3.456554495704178,-2.8518692473845704
73,45.0,120.0,75.0,3.302,0.547675101504903,395.0,208.766875,329.5,32.82,118.28225151271288,0.8624385815128495,10.485000000000001,9.47,12.22,0.9550567173384696,92.58125,92.8,91.5,0.34101563991504247,-1.1993797269399427,0.9766867544623317,2.8261271663426513,5.847333333333329,0.0,15.0,1.6785953177257533,1.370333333333333,3.0735098940914165,3.9053333333333358,2.4476666666666684,3.5619999999999976,3.452173913043478,1.0,187.20327610636252,137.0,137.0,200.0,,,3.999818662636948,,,296.99024538690554,0.0,0.0,,
74,15.0,455.0,440.0,3.105,0.274977343043137,405.0,369.6751685393259,784.7,14.55,204.5399035091395,0.6372819913403398,16.103483146067415,12.98,18.47,1.4480528471047496,81.97224719101125,91.3,75.4,4.879880017342311,0.7434219716078195,0.3678797973317778,1.5589766713347784,3.302000000000002,0.0,15.0,0.5843333333333336,1.712666666666665,1.7997765917329989,2.870568561872912,0.2260000000000002,0.5843333333333336,2.284175084175074,1.0,149.0,149.0,474.0,641.0,8.7886,-4.557351597784407,4.231248402215594,286.336,7.190363407630798,302.45823028236873,169.98723472563248,2.313,,
75,60.0,195.0,135.0,2.966,0.3523954278420778,400.0,318.0032142857143,571.5,64.73,192.3899463773081,0.708974293613541,12.506071428571428,11.47,14.74,0.8313413493586368,96.33214285714287,96.8,96.0,0.16567163289800074,-0.551555191532902,0.19935459126256044,1.6192260523770734,3.966000000000004,0.0,15.0,2.071666666666668,1.367666666666666,1.6616729739286635,3.1140939597315405,0.561666666666667,2.5595317725752516,1.471333333333332,1.0,150.0,150.0,150.0,442.0,,,2.4059852216748765,,,302.2356246131314,0.0,0.0,,
76,70.0,320.0,250.0,3.02,0.9961724072462571,395.0,379.8607843137255,785.2,99.6,183.28141212728735,0.6408128420462551,16.79313725490196,12.98,19.21,2.0898923323425818,68.54490196078433,80.8,61.55,5.857775814265691,0.37054782543067166,-0.4578822276616181,1.664269322706062,3.716999999999998,0.030100334448160536,15.0,0.6573333333333328,2.6693333333333347,1.0078800577087024,2.0649999999999995,0.030100334448160536,0.579666666666667,0.8903333333333329,1.0,312.8974779323312,1116.0,1116.0,1264.0,6.314019407558734,0.5458622692499198,6.859881676808654,285.69826353421854,4.275530775122718,303.2528372219204,219.42617007531447,1.948503217503218,1.1504464285714286,-1.578571428571422
77,35.0,275.0,240.0,2.85,0.3798330283058707,390.0,390.06693877551015,716.1,37.18,206.22352774764494,0.7743845318144126,15.115714285714287,11.09,18.46,2.5097277408781484,88.52632653061224,95.2,75.73,6.986499688052413,-1.1441945316414694,0.2623495359655852,1.5658539696130607,5.3571906354515075,0.0,15.0,0.021333333333333336,2.8536666666666717,0.6610368399924444,2.093333333333335,0.0,0.037666666666666675,0.33612040133779303,2.0,137.0,2305.0,137.0,362.0,,,5.149689119170985,294.63849169741695,-6.423455280971723,305.4576933979999,0.0,0.0,,
78,75.0,205.0,130.0,2.798,0.9086772390566568,385.0,334.61629629629635,599.1,73.84,156.15032826262075,0.7630607326620508,13.052592592592596,12.22,14.22,0.6441845924684857,59.28370370370371,61.41,55.91,1.344590724541939,-3.280536865290199,3.54498508394788,5.328520074631489,10.218333333333335,0.23366666666666655,140.0,4.2316666666666665,3.9336666666666646,5.077484743383293,6.1719999999999935,3.7729999999999997,4.749999999999996,5.6426666666666625,,237.40581894304273,,1844.0,353.0,3.846637375512595,-1.6242168734205449,2.22242050209205,286.90969537199766,5.935890844516507,301.124865412406,307.4223649208179,7.933128250591016,3.8823385157669064,-2.9928589241580994
79,15.0,330.0,315.0,2.7800000000000002,0.20052110580880966,385.0,307.99796875,848.0,9.26,286.5470975066042,0.4485981169698446,13.93140625,12.97,15.35,0.7744734354272842,76.36937499999999,82.4,68.87,3.9526357992995966,1.5373336491573082,1.6189472037850772,2.9523415117222784,8.6314381270903,0.7580000000000009,115.0,3.0276666666666663,8.6314381270903,3.7455499756131547,4.493333333333332,2.9414715719063556,3.984999999999997,3.807333333333334,2.0,137.0,914.0,927.0,1036.0,7.098582278481014,-6.56618333296256,0.5323989455184535,286.1717503217503,4.501771156255529,305.65401771249765,174.2145532219314,3.4137670527670525,1.5307440476190477,-1.6288690476190482
80,115.0,315.0,200.0,2.857,0.8716545065266771,370.0,612.9487804878049,809.0,318.2,150.83701986241846,0.9320465328227181,19.642682926829274,15.89,21.96,2.1133433516471527,56.35243902439025,67.31,43.64,8.246320628161326,-0.5869927489673868,-0.06337844400098533,1.101966784848697,4.07733333333334,0.0,15.0,0.01275167785234899,1.2469999999999979,0.4545567371130155,1.0966666666666651,0.0,0.10566666666666656,0.7876666666666682,,438.0933133270165,,137.0,242.0,,,3.4274630147940828,,,309.09070317442354,0.0,0.0,,
81,40.0,65.0,25.0,3.185,0.4672261954198176,365.0,108.81666666666666,179.0,38.49,61.0157077043827,0.6944630921172679,11.143333333333333,11.1,11.36,0.1061445555206043,96.0,96.0,96.0,0.0,0.0779554051945003,0.28887692041460145,0.9224970876853994,2.3693333333333286,0.0,45.0,0.036666666666666674,0.0026755852842809363,0.04608918617614268,0.17933333333333315,0.0,0.17933333333333315,0.03545150501672242,1.0,137.0,137.0,,,,,,,,,,,,
82,45.0,250.0,205.0,3.6390000000000002,0.4069669906910303,365.0,392.9219047619048,734.9,47.01,246.95997364279347,0.7449203250965122,15.78166666666667,14.23,17.34,1.0269156202224747,89.20952380952383,93.2,84.7,3.406221676458445,-0.11834186352959904,0.2394725699335219,1.2901904199627732,3.8782608695652154,0.0,85.0,0.073,3.348333333333331,0.8249822206616779,1.4953333333333318,0.019666666666666662,1.0003333333333326,0.8853333333333323,1.0,136.99999999999255,137.0,339.0,740.0,9.30970297029703,-5.603429296054606,3.706273674242424,286.5386138613861,13.10065172200268,306.3142456683252,6.045257551617099,1.320184523809524,,
83,50.0,260.0,210.0,3.248,0.2239678889065747,370.0,249.80604651162787,801.0,39.53,191.15126438727765,0.42046921486717415,14.631395348837211,13.35,17.04,1.0602797954972811,93.71627906976745,96.0,86.5,2.863225805888155,-0.04816347066275289,0.9054505921901216,1.7015757605327204,3.860269360269358,0.0,40.0,0.12699999999999986,2.3463333333333307,1.5131587373342181,2.8866666666666654,0.38160535117056915,0.38160535117056915,1.9223333333333295,1.0,137.00000000000745,137.0,442.0,701.0,9.057918032786885,-7.6334518231884525,1.4244662095984328,286.62639344262294,11.331789079985072,311.00317668381564,0.0,0.0,,
84,5.0,270.0,265.0,3.1270000000000002,0.2028063450807204,355.0,352.2355,806.0,5.49,286.2157205972611,0.6223872725510262,14.289259259259257,12.98,15.72,0.8916824289835095,77.63388888888888,82.3,70.22,3.806128829488915,-2.133951113806575,5.6812486246089975,6.171042882258178,10.548666666666664,2.5516666666666667,15.0,6.161409395973159,4.105666666666668,5.606573577944522,8.306999999999993,3.7309999999999968,5.827516778523493,3.946666666666666,1.0,463.4703824151356,794.0,,,,,,286.1091324200913,,,,,,
85,65.0,410.0,345.0,3.717,0.2275781599982252,355.0,393.46,1095.0,33.01,323.5266751764445,0.5028397983052546,15.909857142857147,14.23,18.09,1.2004389207637645,82.98214285714285,92.2,73.09,5.779972140963185,-0.3601504381573238,1.8737304897853007,2.4686470645058907,4.869666666666666,0.033,95.0,0.08666666666666671,3.3933333333333353,2.3502960503264854,4.1160000000000005,0.033,0.4809999999999999,3.456333333333335,1.0,137.0,137.0,137.0,204.0,,,4.428873572272548,,,305.36837358847794,0.0,0.0,,
86,45.0,350.0,305.0,3.501,0.9145594935872738,345.0,360.32290322580644,985.0,42.55,285.46450015224457,0.5434792259174881,15.704193548387098,12.89,18.39,1.3429787645100377,82.18725806451613,92.1,72.56,5.511374577688367,-0.08059612344841044,1.311454232201499,2.1000375415566186,6.7770000000000055,0.059000000000000025,15.0,0.5969999999999995,3.3569999999999984,1.42048667601683,2.8520000000000025,0.3183333333333335,1.3893333333333353,1.540999999999999,2.0,199.95373317354353,914.0,2785.0,2909.0,5.459118202416918,,,287.71435006435007,12.351033228877782,311.3955654864214,292.9953535785703,7.991950498848811,4.346811896122997,-13.104117736256
87,75.0,90.0,15.0,3.476,1.1396493848525515,345.0,239.675,248.2,222.0,11.935207022363148,0.9850240418413226,12.620000000000001,12.22,12.98,0.3216623488483952,93.025,93.2,92.8,0.2061552812808845,0.15079613277253065,-0.39233564576272983,2.2383392943773783,5.667333333333331,0.0,120.0,0.38733333333333364,2.045000000000004,1.4221666666666668,1.8279999999999998,1.076666666666666,1.8279999999999998,1.076666666666666,1.0,137.0,137.0,137.0,213.0,,,3.1393636363636364,,,307.1748123605781,0.0,0.0,,
88,90.0,240.0,150.0,3.9330000000000003,1.089697429019281,330.0,494.0903225806453,732.6,208.6,147.52192911527584,0.9393703353562847,16.308064516129036,12.9,19.11,1.7869702839440067,76.5458064516129,85.1,66.3,4.997213072766025,-0.20443591254211738,0.498322953528558,1.4875767120723897,4.845819397993312,0.0,15.0,0.7190000000000022,4.034666666666664,1.0353676772035818,3.0676666666666677,0.0,1.5073333333333339,3.0676666666666677,,632.6293115557353,,145.0,273.0,,,1.4920626876876877,,,308.7583070637932,0.0,0.0,,
89,75.0,190.0,115.0,4.105,0.2896890251551116,330.0,361.11833333333334,609.4,50.2,152.3547269473068,0.8281187408906515,17.191666666666663,14.98,19.21,1.4485304897412914,81.16541666666666,91.7,66.46,9.20472987071069,-1.3941270645645512,1.1151977310416403,3.254775092496988,5.876333333333328,0.0,15.0,0.6060000000000009,4.2933333333333294,3.2787638888888893,4.109999999999998,1.9773333333333332,1.9773333333333332,4.109999999999998,2.0,275.78025717529084,1219.0,,,,,,289.6165896487985,,,,,,
90,55.0,265.0,210.0,3.201,0.7415889224643737,325.0,466.29,828.0,71.67,255.44750427995402,0.8365455097401521,15.371627906976748,12.61,17.72,1.5030079843791317,71.22999999999999,83.8,60.68,7.910840362318991,-0.7302761225164504,2.937098348299771,4.072932546073654,7.379333333333334,0.27575757575757603,55.0,1.3114093959731543,4.480602006688961,3.258295752233239,5.315333333333334,1.1387959866220734,1.3114093959731543,5.205333333333337,1.0,250.07240742755434,726.0,1689.0,2107.0,5.039684278350515,-4.854613523633534,0.18507075471698112,286.4754668930391,13.653532923684452,312.4209015022682,301.18931847495907,3.7028149931224217,5.711119418012398,-5.863486595333029
91,50.0,245.0,195.0,3.293,0.9554229549569854,320.0,397.50999999999993,758.6,97.0,202.05045929807753,0.827581865289757,16.570249999999998,12.98,20.83,2.590152443291163,75.58749999999998,85.5,57.52,10.926483411582598,-0.369566825211079,0.3433676104004324,0.8870860506596201,3.592333333333335,0.0,110.0,1.526689189189189,3.592333333333335,0.7592111406279142,1.7568561872909685,0.0,0.133,0.9180602006688964,,637.3524456020184,,137.0,196.0,,,2.1207636435021597,,,312.71480710375783,0.0,0.0,,
92,30.0,445.0,415.0,3.899,0.335878025303981,325.0,360.9735714285714,942.0,24.36,240.051080862461,0.4990262946755556,16.926904761904762,14.6,18.85,1.0985861408613862,90.85833333333332,96.0,82.0,4.630704449085378,-1.6120838262263861,0.7772944630035066,2.4236203395362566,5.160333333333332,0.0,110.0,0.5839464882943137,0.0,2.569864243244678,4.800668896321062,0.1386666666666666,1.9296666666666689,1.9713333333333303,1.0,137.0,137.0,856.0,1014.0,10.38837273991655,-4.008997378435925,6.379375361480625,290.47573018080664,5.5555977870022275,307.7909036124264,341.2643917029988,2.9883316412859564,0.6004166666666642,-2.9291666666666742
93,60.0,260.0,200.0,3.426,0.947486021107141,320.0,328.9243902439024,813.0,102.7,218.7256623952569,0.6053253867930222,15.963902439024402,14.61,17.72,1.0319372026649207,93.43170731707316,96.3,84.5,3.6594698403177373,-1.5226318726231032,1.5552119168993943,2.888647404921354,6.0840000000000005,0.0,15.0,1.5836120401337812,3.74966666666667,2.6926138472166703,4.487666666666664,1.6576666666666662,2.3773333333333304,2.1586666666666634,1.0,137.0,137.0,,,,,,,,,,,,
94,75.0,140.0,65.0,3.211,0.6408394690282528,320.0,297.0,434.2,127.7,108.1127047255637,0.8146730640468725,14.749999999999998,13.85,15.88,0.6107876377772709,94.54999999999998,94.8,93.7,0.3368405237817116,-0.5525710101191106,0.3173063748270038,2.2054021957516814,4.638795986622069,0.0,120.0,0.7416666666666661,2.7416666666666702,0.8210476190476188,1.3146666666666669,0.18400000000000014,1.3146666666666669,0.18400000000000014,1.0,137.0,137.0,137.0,197.0,,,1.6070836606441479,,,311.29403865488064,0.0,0.0,,
95,45.0,155.0,110.0,3.641,0.7322005549387453,310.0,250.53304347826085,436.2,63.08,118.58790461988265,0.8714640754440481,16.05826086956522,13.34,18.47,1.7879664735872252,78.10173913043477,85.1,69.19,5.214037566707357,-0.39145497858499556,-0.030866813233340822,0.8633798700963555,2.5336666666666683,0.0,40.0,0.041999999999999996,0.0,0.5383783200626295,1.475919732441471,0.0,0.016333333333333335,0.0,,463.4067008649669,,137.0,305.0,,,2.4116345365053324,,,317.65805847030316,0.0,0.0,,
96,75.0,355.0,280.0,3.442,0.7047935441984093,305.0,511.8368421052631,935.0,92.5,248.7182022975708,0.7907473136861717,18.167543859649125,15.46,20.46,1.3457237573431236,84.199649122807,92.8,75.32,5.907581982053801,0.8150927788508248,1.209435455681322,2.047827948350574,7.183666666666668,0.0,15.0,1.2223333333333333,4.626999999999996,3.484135067754007,7.183666666666668,0.6876666666666669,0.9706666666666657,4.359333333333334,1.0,137.0,137.0,576.0,648.0,9.60992027334852,-7.241144617023936,2.368775656324583,292.1290432801822,7.051505125957135,312.94014739171297,114.40920099088571,2.6969037267080744,,
97,100.0,175.0,75.0,4.59,1.1109414889669849,310.0,384.85625,514.9,287.5,70.98413877996502,0.971923266577535,17.2725,15.36,18.09,0.9403013701291022,79.443125,88.7,73.03,5.430939413827654,0.6492629018937882,0.9752517549746216,1.7904345974423626,6.140939597315443,0.0,70.0,0.014429530201342284,2.495000000000003,0.7001486900780375,1.3093333333333326,0.025083612040133783,0.2486666666666659,0.5583333333333326,1.0,174.798260890551,137.0,,,,,,,,,,,,
98,45.0,100.0,55.0,3.664,0.5409145413857591,305.0,150.66666666666666,277.1,54.74,81.6516757422354,0.7125402834522278,14.612499999999999,14.22,15.35,0.4075230054855798,94.66666666666664,94.8,94.5,0.14974726182552398,0.15942306998756464,0.8575388217289546,1.3038813213822606,5.730666666666666,0.0,15.0,0.06433333333333335,5.730666666666666,0.5399506688963212,0.9543333333333329,0.02166666666666666,0.865000000000002,0.02166666666666666,1.0,212.62178151338264,137.0,137.0,497.0,,,3.1218276936776492,,,312.7614993549355,0.0,0.0,,
99,55.0,275.0,220.0,3.8320000000000003,0.8117224842321772,300.0,413.80444444444447,831.0,81.0,268.22449887730204,0.7753787762976291,12.440222222222221,9.02,15.66,2.250193414806915,86.37688888888889,95.2,70.8,9.562954997427745,-2.100902719578128,-0.386503887057307,3.571125038655744,6.874999999999998,0.0,45.0,3.9936666666666665,6.546,3.791258516041125,5.116000000000005,2.8640000000000025,4.560666666666668,4.823000000000002,1.0,212.35623411198546,137.0,137.0,221.0,,,4.2079021230658515,,,296.7234830760762,0.0,0.0,,
100,85.0,295.0,210.0,3.22,0.8397785216854367,295.0,398.36279069767437,862.0,143.0,250.71095672227415,0.641083130062815,16.1639534883721,14.07,17.34,0.812078871183862,77.9281395348837,87.1,73.19,3.8767298785825948,0.3360070649974808,1.8534724044731758,2.586340538842217,5.196999999999999,0.0,125.0,0.2506666666666665,4.532333333333334,1.8651232272951181,3.6640000000000015,0.0,0.614666666666666,2.8700000000000014,1.0,401.4487011558122,1121.0,1158.0,1243.0,7.768374142997062,-7.577550195160666,0.19082394783639595,288.7193089430894,7.4340205286014225,312.2125098100795,185.0914194613351,3.18977743902439,1.4608668076109925,-1.0420718816067733
101,30.0,525.0,495.0,3.045,0.2732328463460843,300.0,624.8934,1072.0,23.32,353.2554892185976,0.7730144225288231,16.383200000000002,12.97,18.47,1.591204283147538,72.01310000000001,88.6,63.37,8.096911332181682,2.3289079201475227,1.6681084938839348,3.9834170238571764,8.750666666666666,0.23899999999999963,15.0,1.8716666666666681,5.987290969899659,6.298223203893665,8.750666666666666,2.275503355704699,2.856856187290969,7.210033444816053,,312.86311460211755,,137.0,197.0,,,3.226160644147683,,,309.5654763800889,0.0,0.0,,
102,10.0,340.0,330.0,3.693,0.13926285083190065,305.0,384.03232835820893,1004.0,5.016,326.35866483449956,0.5617319791808062,14.359402985074624,12.98,16.07,0.8338026810343353,74.4786567164179,81.3,66.84,4.228708842102985,0.2642819958040454,4.363844396022929,4.544154335061764,7.1622073578595264,2.348666666666667,140.0,2.723666666666667,3.5989999999999984,4.0321765984336135,6.598666666666662,2.6559999999999997,5.885000000000003,3.6303333333333336,1.0,426.0412060812617,914.0,,,,,,286.6415057915058,,,,,,
103,40.0,140.0,100.0,3.573,0.73977438493433,290.0,223.4809523809524,386.7,49.26,120.97793657955825,0.8568798834905577,14.494761904761905,12.98,16.47,1.2656011182344105,85.61333333333332,87.9,79.88,2.5699675743739143,-0.3469816257389851,1.2686868038551278,1.9829226104176287,4.773578595317729,0.0,15.0,0.1319999999999999,1.6976666666666673,1.5460955035302855,2.2173333333333334,0.22033333333333321,0.22033333333333321,1.8726666666666631,1.0,250.38205840810662,914.0,957.0,1295.0,8.356396341463416,-4.444024165482441,3.9123721759809755,288.56840411840415,9.813428888066483,306.40134399142914,131.63449540253328,1.4917245817245819,1.6391964285714282,-1.630952380952408
104,160.0,180.0,20.0,3.766,0.9581992145852418,300.0,513.92,569.3,444.4,52.77619728627669,0.9276392951782549,17.916,17.66,18.09,0.20935615586841494,88.94,90.8,87.3,1.3957077057894316,-0.9508393941212238,1.0550393494802013,1.7621330186139152,3.888333333333335,0.0,65.0,0.6703333333333342,3.6605351170568525,1.190751393534002,1.5550000000000006,0.6993333333333329,1.4862876254180608,1.0408026755852824,1.0,137.0,137.0,317.0,559.0,10.75211111111111,-7.800207326341388,2.9519037847697223,288.9555555555556,12.819834023508747,314.1195842082267,332.5,1.028,,
105,30.0,165.0,135.0,3.213,0.1932978456403089,300.0,136.54,517.8,18.1,149.99352558866838,0.34200028849936925,15.781071428571428,14.97,17.44,0.7263676208607599,93.20000000000003,93.7,91.4,0.6122212139535974,-1.1497916720085328,1.266854609055513,2.3201870977092836,6.059666666666666,0.05966666666666669,15.0,2.370333333333333,1.8950000000000005,2.305929786461957,3.9116666666666666,1.4249999999999998,1.6331103678929775,2.144000000000001,1.0,137.00000000000747,137.0,264.0,538.0,10.175,-6.226092970521543,3.948907029478458,287.85,13.550393289519093,316.1581367627526,,,,
106,175.0,430.0,255.0,3.033,0.2997837299387558,300.0,540.6807692307692,1051.0,172.4,271.34875687612833,0.5820228699350941,19.014807692307695,18.46,19.84,0.34174575106508764,62.151538461538465,69.37,57.33,3.5601434122993934,0.76995656606143,1.657949935791405,2.387860783741592,4.950501672240807,0.47033333333333266,15.0,1.9311036789297666,3.4423333333333366,3.624084823368202,4.950501672240807,1.4936454849498317,1.9006666666666672,3.712080536912755,1.0,889.4376163369891,1317.0,1643.0,1866.0,6.792742363877822,-4.4420933963262,2.350648967551622,289.48368644067796,13.781342071540394,310.9834371242699,226.37213531315444,2.3388543543543543,1.1604619309575064,-0.6391301921390209
107,15.0,385.0,370.0,3.172,0.45528697532823764,290.0,395.63960000000003,1099.0,16.45,241.46686489958086,0.6376986383387487,16.691866666666666,14.97,18.47,1.0934444626010011,82.726,88.6,75.06,3.811684737821393,-2.2150192725716686,1.4904105145008135,3.2797393894534768,6.775503355704697,0.0,15.0,2.2006802721088445,4.418333333333336,3.3309108746578477,4.893645484949829,1.862333333333336,2.2006802721088445,4.507382550335573,1.0,338.6338700684986,1214.0,1214.0,1367.0,7.866332404828228,-6.654424701339856,1.2119077034883718,289.8121634168988,12.542941274220425,312.4549353730242,330.02382878709415,1.9891866151866153,1.7629380980861251,-1.91523624401907
108,170.0,375.0,205.0,4.272,0.2185822609219471,305.0,554.5595238095239,970.0,117.4,327.83684152819427,0.6421213200104257,18.62785714285715,17.34,19.59,0.7017522866204307,84.10285714285718,89.7,79.87,3.1874948384189947,-1.3848720852783094,1.5430910047693414,2.1980597517012934,4.504362416107379,0.1280936454849497,15.0,0.9531772575250844,2.587,2.7840351540587895,4.12976588628763,0.8130434782608709,3.051351351351358,4.029333333333333,1.0,301.1880232995097,460.0,748.0,1039.0,10.199877250409166,-5.055007638913691,5.1448696114954755,290.0736842105264,13.86520841734216,310.3484726501847,48.47177312271968,1.4795158562367865,,
109,145.0,270.0,125.0,5.275,0.552459809886882,305.0,540.2192307692308,764.3,207.8,195.52348405085414,0.8692248425909942,22.59384615384615,21.96,23.21,0.3863167293615631,81.98076923076923,84.2,80.0,1.1520483430027513,-0.9031246878871662,1.8058093225718765,2.1993946759259257,4.6963333333333335,0.003666666666666667,85.0,0.42900000000000005,2.8199999999999994,2.3898333333333333,3.0696666666666683,1.5363333333333333,3.0026666666666686,2.2909999999999977,1.0,377.6874057576762,364.0,516.0,652.0,12.878786279683379,-4.597282214642728,8.28150406504065,293.0008810572687,8.05737180315532,318.0956776007886,163.8278859042191,0.3419118942731278,,
110,80.0,250.0,170.0,4.632,0.4409968799280604,300.0,284.3314285714286,675.6,77.97,208.08331371808544,0.5450871556273366,21.22771428571429,20.09,22.34,0.7364824414435297,87.22571428571428,91.3,83.9,2.352138308401259,1.5390813800516512,1.7233532400147409,2.804937134502924,6.5006666666666675,0.0,15.0,1.557999999999998,3.0816666666666683,0.44541666666666674,0.9369999999999998,0.0,0.7340000000000007,,1.0,263.57628207863024,305.0,417.0,644.0,13.164035714285712,-6.991896600421966,6.172139113863746,293.00684523809525,9.764472163890048,322.38840578913477,0.0,0.0,,
111,80.0,365.0,285.0,4.1240000000000006,0.34081884241604427,305.0,534.7356896551723,882.0,55.84,301.3317019330474,0.7430543939908185,22.36568965517241,20.46,23.59,0.9221392216480292,85.08275862068966,92.1,81.1,3.68454038796407,0.7736157890867417,1.235067316561584,1.8206851851851853,3.9320000000000026,0.022333333333333337,25.0,0.8289999999999996,2.9606666666666692,2.577959770114943,3.848666666666667,1.138666666666666,1.138666666666666,3.554999999999998,1.0,352.2067662727587,374.0,374.0,535.0,13.202848101265822,-6.576608633416598,6.626239467849224,293.5044303797468,5.685265497649482,319.06077209270444,230.61661291095172,0.5598928571428572,,
112,140.0,230.0,90.0,4.775,0.6208033963523426,310.0,468.7052631578947,675.4,178.6,177.63980557948094,0.8108732747382975,21.726842105263152,21.21,22.22,0.28892622340850177,79.98684210526316,82.8,78.5,1.106199965003208,0.907345232669592,1.524193601275418,2.392703703703704,5.5969999999999995,0.15166666666666664,110.0,0.21566666666666648,2.314999999999999,3.3104385964912284,4.3866666666666685,1.317666666666667,1.3556666666666675,4.008999999999997,1.0,301.63568575899154,305.0,468.0,749.0,12.647114803625376,-9.927360540837011,2.719754262788365,292.45000000000005,8.88023966351733,319.5852529917703,100.0,1.5419999999999998,,
113,100.0,230.0,130.0,4.6419999999999995,0.4051991182959994,310.0,384.2962962962963,655.4,108.4,205.18240193222726,0.7152772086087644,21.6062962962963,20.76,22.34,0.5198679429073096,82.55185185185185,85.9,80.3,1.5741592066805719,0.7753054505957073,1.3143487115101977,2.1342175925925932,4.827666666666667,0.015,30.0,0.6793333333333335,4.827666666666667,1.6817283950617283,2.6073333333333304,0.26533333333333353,0.26533333333333353,2.150999999999999,1.0,377.64069665814895,411.0,591.0,720.0,12.8077422907489,-7.543189646161654,5.264552644587246,293.28211678832116,9.788436136442442,319.22142902708345,297.55929696478944,1.028,,
114,110.0,250.0,140.0,5.412,0.4529925169041134,305.0,349.9413793103448,686.1,112.1,206.73210842820816,0.6580945349361865,21.21344827586207,19.58,21.96,0.8004743052094135,87.40344827586208,92.5,83.5,3.302864855872495,0.7536004167745212,1.5065103537736089,1.993335648148148,6.559333333333331,0.0,40.0,0.7793333333333352,4.821666666666668,1.3699310344827587,2.4316666666666675,0.0,1.435333333333332,2.4316666666666675,2.0,212.94670488826938,305.0,364.0,610.0,12.602775330396476,-6.358945044414292,6.243830285982184,291.96964285714284,9.738877465614166,319.0666199017078,335.74741541381184,1.733220238095238,,
115,85.0,235.0,150.0,5.459,0.3159984975664868,320.0,295.68516129032264,690.1,68.59,213.3723613603063,0.5661540779943303,22.518709677419352,20.83,24.25,1.0237829911183454,90.50000000000001,94.8,82.8,3.9626590399208794,0.22083082091007783,1.4532528974260694,1.7889918981481483,4.155666666666668,0.0,50.0,0.5076666666666658,2.444666666666668,1.469806451612903,2.170666666666662,0.3466666666666666,0.3466666666666666,2.047000000000002,1.0,238.46852569764428,268.0,,,,,,293.85,,,,,,
116,170.0,195.0,25.0,5.257,1.115936485221393,325.0,570.7499999999999,599.6,501.6,37.02052133614544,1.013049470867643,23.271666666666665,22.71,23.96,0.4932105703111672,80.43833333333333,81.8,79.46,0.9623391640511499,1.1444879381543414,1.5534114370104226,2.278371527777778,4.146999999999999,0.5816666666666664,30.0,1.4243333333333321,1.999666666666667,3.0947222222222233,3.3473333333333337,2.7113333333333345,3.2693333333333348,3.3473333333333337,1.0,301.89164481725203,305.0,651.0,914.0,13.769980544747083,-4.784529478590715,8.985451066156369,293.82589285714283,9.224861440070413,314.5300730924622,177.61533405481327,2.370050739957717,,
117,110.0,325.0,215.0,4.0009999999999994,0.220574726142135,330.0,399.425,910.0,83.2,276.74200152303723,0.5188746158835081,21.759318181818184,20.46,22.77,0.7859859686518248,86.40454545454546,91.3,81.4,3.313394559890768,-1.3728153579304194,1.1647881973148673,2.509170138888889,4.882333333333328,0.0823333333333333,40.0,1.1743333333333337,3.929999999999997,2.2092272727272726,3.4566666666666634,0.9956666666666667,1.4093333333333347,2.730000000000001,1.0,301.82764483486176,305.0,507.0,737.0,13.501405405405407,-9.072046370400678,4.42935903500473,293.5104166666667,12.181462754614245,315.1318824545071,258.5536062471045,1.0878493150684934,,
118,80.0,205.0,125.0,4.519,0.36097578346226183,320.0,272.1257692307692,633.7,78.68,179.43185996189365,0.5682767466808611,20.78961538461538,20.08,21.59,0.49923526132861096,85.54615384615386,88.6,82.4,2.1016623457122257,-1.181117817168948,0.968556475265407,2.270693287037037,4.44866666666667,0.1796666666666664,110.0,0.9656666666666668,3.4689999999999963,1.5100000000000002,2.3459999999999956,0.4673333333333332,1.3700000000000003,2.1016666666666652,1.0,263.699370673051,305.0,427.0,636.0,13.151379310344826,-9.203756184006496,3.94762312633833,292.98125,9.508553532147744,317.5033313701796,323.38330785621287,2.2992321428571434,,
119,120.0,150.0,30.0,4.225,1.193702104076443,325.0,428.57142857142856,461.6,400.5,23.052744904220148,0.9991680109758712,20.848571428571432,20.17,21.21,0.41155917239317147,83.60000000000001,85.8,81.0,1.8248287590894647,0.8927032237953677,1.352024780897506,2.055143518518518,4.788333333333336,0.008000000000000002,30.0,0.015666666666666662,2.7566666666666673,0.9190476190476187,1.3363333333333334,0.7523333333333327,0.9476666666666648,1.3363333333333334,1.0,326.79713621512883,305.0,575.0,778.0,11.88212328767123,-7.880207801841271,4.00191548582996,291.8,12.719984651433606,317.44257568615393,95.67250503457423,0.751962962962963,,
120,100.0,170.0,70.0,4.32,0.8681152117296503,320.0,361.7799999999999,504.7,179.4,107.01028788993007,0.8734463362727064,19.896,19.21,20.47,0.45569099806149954,80.33199999999998,82.8,78.14,1.682813120937675,1.3185324468276929,1.9664429672695196,2.719475694444445,5.677666666666666,0.4416666666666667,15.0,2.3636666666666657,2.292666666666669,3.376066666666666,4.1643333333333254,2.544333333333336,2.5526666666666675,4.1643333333333254,1.0,440.32974492812826,442.0,611.0,757.0,10.98613924050633,-8.481031362934829,2.5051078775715,291.55426229508197,10.013575944799243,317.5315728995186,168.2436573959921,1.9649967213114756,,
121,85.0,195.0,110.0,4.8580000000000005,0.5143152853121902,325.0,316.5782608695653,592.6,114.6,189.11683247165143,0.6983801001665771,19.66086956521739,18.61,20.84,0.7081981813247054,72.62391304347827,75.43,69.01,2.051085608626087,-0.16954693364746332,0.6290983101370755,1.9610578703703707,4.103333333333335,0.0,110.0,0.5909999999999994,3.8240000000000025,1.1452173913043482,2.86966666666667,0.06000000000000001,1.0073333333333339,2.86966666666667,1.0,753.789497538631,783.0,957.0,1022.0,9.320506097560974,-5.699608363685321,3.6208977338756534,291.3534055727554,9.071061713765914,313.4870283429704,188.3478243454036,1.7893745318352057,0.41846723044397294,-0.4644820295983436
122,35.0,215.0,180.0,4.590999999999999,0.8867690331031407,320.0,312.98837837837834,632.4,54.23,182.14391043460228,0.8515258861229029,18.54432432432433,16.1,20.47,1.4794791511064154,88.02972972972977,92.5,80.8,4.504125569646915,-0.8215945488623796,0.9159884077592102,2.049368055555556,4.659000000000003,0.0,100.0,0.0,3.064333333333329,0.4142072072072071,1.3166666666666684,0.0,1.3166666666666684,0.9163333333333332,,275.7532113459889,,574.0,886.0,10.909897025171624,-5.876638207486576,5.033258817685048,291.26350114416476,7.325211508594805,314.41270577554513,117.17225109619116,0.9270357142857144,,
123,80.0,225.0,145.0,4.878,0.4270648476182412,325.0,360.65999999999997,664.8,88.7,225.8549864327811,0.717554261581542,20.87633333333333,19.21,22.34,0.9896480856008024,78.80400000000002,83.9,73.45,3.3804066272443096,-1.4582385046468955,1.3228487050358413,2.492392361111111,4.727666666666668,0.21033333333333323,35.0,1.1733333333333338,3.1346666666666683,1.8209111111111111,3.162666666666664,0.5643333333333322,1.4689999999999994,2.0130000000000012,1.0,415.1345133365368,603.0,603.0,804.0,11.59274678111588,-7.251265560458603,4.341481220657276,292.2057939914164,7.928950383464496,315.425689355274,309.92098749653655,1.799,,
124,80.0,250.0,170.0,4.621,0.3115529001375046,330.0,347.4068571428571,852.0,71.73,277.58063362446836,0.5881407541662863,20.589428571428577,19.21,21.96,0.9563285887956604,77.1242857142857,83.2,71.61,3.801537061980778,-0.008213047710064623,1.3706086557710986,1.7626574074074073,4.687000000000003,0.0,100.0,0.35066666666666646,2.3163333333333336,1.0470190476190477,2.002666666666666,0.025333333333333333,0.9136666666666653,1.8553333333333315,1.0,440.211917318967,434.0,648.0,804.0,11.03145792563601,-7.253642041159475,3.7778158844765346,291.4760942760943,9.642570253592567,314.8435368356927,63.476354814026344,1.5012494714587739,,
125,170.0,320.0,150.0,4.195,0.6516378689521909,325.0,454.1322580645162,847.0,264.8,181.55501900176483,0.6105324624192052,21.287419354838708,20.82,21.96,0.45412162645364457,76.43483870967744,78.16,74.49,1.1945009305640082,-0.34177540781051613,1.4602803876903263,2.4052916666666664,4.23733333333333,0.612666666666666,15.0,2.4026666666666654,4.233999999999998,2.8986344086021503,3.473666666666668,2.285333333333332,2.5119999999999996,2.5996666666666624,1.0,553.9296186992515,687.0,870.0,1068.0,11.050879945429742,-8.325121736474518,2.7257582089552237,293.07872727272724,10.336336665913734,312.79525887742426,330.8904330581633,1.553466153846154,0.4318749999999998,-0.46041666666667425
126,55.0,200.0,145.0,4.42,0.3621952009035929,330.0,279.02566666666667,578.7,23.58,201.75062046964084,0.6268144005271914,20.06533333333333,19.2,21.84,0.8019361627931504,96.67333333333335,96.8,96.3,0.19988502442280542,-0.9643926203036105,0.7544132978864222,1.7037141203703698,7.4633333333333365,0.0,15.0,0.023333333333333334,1.6273333333333322,1.1189777777777785,2.1830000000000016,0.026666666666666665,1.6973333333333323,1.086333333333333,1.0,213.02060543896738,137.0,137.0,459.0,,,6.033415061295972,,,320.2900858543965,0.0,0.0,,
127,60.0,225.0,165.0,5.420999999999999,0.7864263432121055,330.0,364.82352941176475,628.6,92.0,196.15762996433858,0.8963832171807098,22.974411764705884,20.45,26.32,1.9787878003073691,90.43823529411765,95.6,80.0,6.271871534798812,0.011976503094429347,0.7676977345724209,1.0632657004830917,5.522666666666681,0.0,15.0,0.9169999999999987,2.885000000000005,0.6888627450980394,1.3703333333333336,0.0,0.2956666666666671,0.35766666666666674,,352.4157897923941,,137.0,631.0,,,7.939625946969696,,,319.1840623267642,0.0,0.0,,
128,40.0,310.0,270.0,4.861,1.0727636386877732,325.0,482.55218181818185,846.0,58.39,231.85860693527496,1.0215240145319842,27.12527272727273,21.58,33.3,3.948256931180238,71.64272727272729,92.5,46.59,16.48638803899722,0.22275060974730407,0.12928029766074334,1.3444675925925926,4.929,0.0,55.0,2.3020000000000005,0.5476666666666665,2.007830303030303,3.5876666666666686,0.24999999999999967,2.0900000000000003,1.5896666666666661,,693.1934762764832,,137.0,371.0,,,6.916186762225969,,,319.7785755518292,0.0,0.0,,
129,35.0,160.0,125.0,5.538,0.7956951026089542,335.0,222.05,444.7,36.12,146.82845113941644,0.8236190900773344,19.94461538461538,19.21,21.42,0.775459764368111,93.29230769230769,94.5,89.0,1.8588002747843726,-1.9263909802370602,1.1635959194120555,2.86059837962963,6.349000000000004,0.04700000000000001,105.0,1.1840000000000002,1.6439999999999995,1.2305,2.0830000000000006,0.5993333333333339,2.0830000000000006,1.2860000000000014,1.0,175.0273284600481,137.0,294.0,638.0,13.274999999999999,-3.4306033254156763,9.844396674584322,292.45000000000005,9.706322786064902,312.09874995922485,,,,
130,80.0,365.0,285.0,3.81,0.5067430442271028,340.0,404.45862068965516,888.0,115.2,198.84562030342434,0.5962873724765241,21.40551724137931,19.59,22.72,0.8033988597002708,75.68103448275862,81.5,69.55,2.68563670758088,-1.193819455409813,1.2727730675691997,2.74171412037037,5.0103333333333335,0.0,15.0,1.231666666666664,4.347999999999999,1.7568505747126435,3.327333333333334,0.0,0.5663333333333344,2.8069999999999977,2.0,528.3205109369335,1829.0,,,,,,294.7991725768321,,,,,,
131,200.0,335.0,135.0,4.05,0.36714921020449737,350.0,510.5928571428572,842.0,224.8,204.4224817827067,0.6491899020582428,21.225357142857142,20.46,21.96,0.5655052289954218,74.18035714285715,77.85,70.68,2.1723676827844653,-1.8816749109300968,0.5780621986145005,2.7212719907407408,5.312000000000002,0.723,15.0,2.046333333333331,2.7176666666666662,1.8488928571428567,2.789333333333334,0.723,2.309666666666662,2.2113333333333367,1.0,585.4697379037951,776.0,794.0,877.0,10.754572953736654,-7.465266870086463,3.2893060836501906,292.58419117647054,6.290819967333334,314.3561536647692,324.6505965249959,1.2193327205882354,,
132,85.0,350.0,265.0,4.132,0.46594360802392315,350.0,376.30925925925925,959.0,111.2,267.85718545419115,0.5423837019865134,21.46259259259259,20.09,22.72,0.6143417559889954,72.08555555555556,76.15,68.59,1.6851243352219551,0.6184667219301259,1.1678976086334047,2.8285787037037036,6.112333333333335,0.0026666666666666666,15.0,1.0956666666666657,2.5120000000000013,4.099617283950617,6.110666666666667,0.0026666666666666666,1.6466666666666656,5.764333333333331,1.0,628.9189201396869,676.0,923.0,1054.0,10.296653944020354,-8.000022801332374,2.296631142687981,292.1429499072357,6.455528791013421,316.97463926506316,299.22311898955184,1.122927927927928,0.6674404761904764,-0.4922619047619037
133,50.0,390.0,340.0,3.693,0.8375596663012653,340.0,457.30463768115936,964.0,58.2,287.3296782063691,0.7198608240050975,19.924202898550725,16.1,24.12,2.260307374853032,66.13550724637682,76.49,52.94,6.760065596669181,1.5528876617572145,0.9805084630900124,4.117333333333333,7.290999999999996,0.6253333333333326,15.0,3.807999999999998,3.212000000000002,4.823415458937197,7.290999999999996,2.417333333333334,4.140666666666666,6.651666666666669,1.0,714.59525903872,914.0,1412.0,1529.0,8.029411764705882,-6.6467017152824885,1.382710049423394,290.2777992277992,3.3666270721371347,308.5368158539579,200.62741184294342,5.023950639853748,1.0494973572938697,-1.52414640591968
134,55.0,140.0,85.0,3.532,0.873210951157335,340.0,200.39888888888888,396.9,64.15,123.06050137510739,0.6551485583498099,16.645,15.36,18.1,0.864769605495149,80.95055555555554,84.7,77.04,2.2084662557110475,-0.02276931234315834,1.1434419816358525,3.518026620370371,6.873666666666663,0.24866666666666665,175.0,0.7943333333333331,1.9493333333333327,3.5575555555555556,4.634666666666668,2.2710000000000026,4.3933333333333335,2.2710000000000026,,338.55528263117,,1340.0,1495.0,8.217472984206152,-6.2880459008728185,1.9294270833333336,291.2179135494597,5.054843337259001,303.265372520186,211.6689764134058,1.4586293900184844,2.1598375292740055,-2.1317622950819555
135,20.0,90.0,70.0,3.97,0.6933908232140583,340.0,103.58200000000001,222.4,13.99,75.6469811691121,0.7278979554313261,16.376666666666665,16.1,17.35,0.41898971461407086,52.602,54.54,51.38,0.9222503533670843,0.5312616270460203,0.47524897830729884,1.7256481481481483,6.478000000000002,0.0,15.0,0.05133333333333335,1.2686666666666677,1.199088888888889,2.8733333333333317,0.0,0.2796666666666664,1.0493333333333328,,1992.8745039892417,,137.0,189.0,,,2.911235934664247,,,307.80625984481975,0.0,0.0,,
136,40.0,95.0,55.0,3.611,0.9287857154448296,350.0,184.7341666666667,278.8,75.71,67.34754236702916,0.8999545529896826,17.686666666666664,17.34,18.1,0.30574300953380446,92.60833333333333,92.8,92.5,0.13113721705514977,-0.1782599726606153,-0.4577698541550475,1.5197453703703703,4.364000000000002,0.0,80.0,0.014999999999999998,2.4686666666666692,0.6571944444444446,1.253333333333335,0.0010000000000000002,0.9833333333333326,0.6880000000000003,1.0,200.17521845341662,137.0,137.0,320.0,,,4.006172100701609,,,310.017209206943,0.0,0.0,,
137,120.0,195.0,75.0,3.988,0.9691770641077967,355.0,460.59375,566.6,363.2,65.65184403350754,0.9187961353333072,20.599999999999998,19.21,21.82,0.8632265056171526,87.64999999999999,92.9,82.1,3.8033318726260714,1.3646471466637073,0.9490093508383726,2.488477053140096,6.907666666666668,0.0,15.0,1.4273333333333351,5.142333333333325,3.7744791666666666,6.264666666666665,1.2866666666666673,1.4266666666666674,5.317999999999997,1.0,137.0,137.0,137.0,180.0,,,3.7783232034322487,,,315.10755424233184,0.0,0.0,,
138,60.0,280.0,220.0,3.734,0.3151898844838545,355.0,357.31111111111113,838.0,57.15,250.2471643670261,0.6040078041939975,20.126,18.47,21.96,1.0275155384801642,72.97488888888888,80.0,67.07,3.8909771045693433,3.049633096549807,0.3761962960201292,3.749747685185186,8.326666666666657,1.1083333333333336,15.0,1.8270000000000024,5.1923333333333295,3.78237037037037,7.925666666666661,1.1083333333333336,2.1986666666666665,7.925666666666661,1.0,503.0396898878189,578.0,796.0,916.0,10.625250379362669,-8.484618195454622,2.1406321839080458,291.68095238095236,8.688485169996397,316.64081398084824,148.8927633733444,2.4471598694942904,,
139,55.0,270.0,215.0,4.140000000000001,0.6451524021828612,355.0,432.50204545454557,705.8,75.99,208.6663019738447,0.8739613707874617,19.68795454545455,18.47,21.21,0.9732123254685869,80.96409090909091,87.9,75.07,4.084236467986037,3.0908753442445,0.6113458881798582,3.535520833333334,8.958666666666668,0.0,15.0,0.7973333333333336,5.965,5.518537878787879,7.542666666666668,2.9193333333333316,4.293000000000001,7.542666666666668,1.0,213.60682596547036,163.0,311.0,732.0,11.695,-10.658652411735455,1.036347588264545,291.0,9.870831885610244,317.0447370736918,,,,
140,75.0,125.0,50.0,3.9570000000000003,0.4885536140678507,360.0,203.0181818181818,365.2,88.4,112.19151321006254,0.6438784224413517,18.71181818181818,18.47,18.85,0.16491320030962892,76.47454545454546,77.9,75.34,0.751709566739226,-0.8069827722624269,0.980742406898921,1.8970092592592591,4.260666666666662,0.0,15.0,2.61933333333333,3.9866666666666672,1.2029696969696972,1.7840000000000003,0.5333333333333331,0.9513333333333323,1.6239999999999988,1.0,653.4924819896951,768.0,813.0,981.0,9.809726331360947,-8.155679793335976,1.6540465380249716,291.5468304278922,6.257046657918863,314.5150246533047,121.15867938013528,2.1802234548335973,,
141,110.0,260.0,150.0,4.289,0.3566109675640213,360.0,341.4548387096774,669.8,108.2,219.01911459765282,0.5969020585956892,19.474193548387095,18.72,20.14,0.49608315293270716,79.20129032258065,82.8,76.06,2.187768637882723,-0.9983312928179989,0.6497480412959826,2.1776597222222227,4.648666666666671,0.0,65.0,0.2746666666666668,2.8040000000000016,1.700935483870968,2.5989999999999984,0.7479999999999999,1.4336666666666675,2.072999999999998,1.0,326.50209331787744,584.0,584.0,738.0,10.753389261744966,-7.841635530401682,2.9117537313432837,290.6432885906041,5.784520613688585,314.3996615268685,69.29534273533122,1.028,,
142,115.0,175.0,60.0,3.61,0.5122390554447265,365.0,298.6461538461538,518.7,186.0,115.70518293911627,0.6319486914882726,17.206923076923076,16.47,17.98,0.3964716176345337,93.88461538461539,94.4,93.2,0.31050001032247265,-1.0991975129947824,0.14477600638967358,1.780278935185185,3.5350000000000006,0.0,110.0,1.3423333333333334,1.908999999999996,1.6818974358974363,2.2603333333333353,0.942666666666665,1.1530000000000002,1.9806666666666661,1.0,162.22229242353882,137.0,137.0,478.0,,,1.9818233995584988,,,315.6170570036889,0.0,0.0,,
143,70.0,85.0,15.0,4.366,0.9693809599589374,360.0,174.575,202.8,150.1,23.142511387775826,0.907961768161605,20.245,20.02,20.51,0.2295648056649806,73.42500000000001,75.55,71.1,1.9677144101723714,1.1345232222713668,0.424590973284644,2.372388888888889,7.217333333333334,0.0,25.0,2.5916666666666672,2.004666666666668,3.745833333333334,4.133666666666671,3.1743333333333315,3.5820000000000003,3.1743333333333315,,889.875897352219,,137.0,665.0,,,5.318748796920117,,,312.017921154602,0.0,0.0,,
144,50.0,100.0,50.0,3.713,0.7984269040895446,365.0,157.88181818181818,252.3,80.7,61.61249578099914,0.8076855665229492,15.989090909090908,15.72,16.11,0.1622624137287838,90.40909090909092,90.6,89.7,0.3113022500867748,-0.3941314579453888,-0.35537966911839053,1.0539710648148148,3.1443333333333348,0.0,50.0,0.0,1.5890000000000017,0.5536060606060609,1.194000000000001,0.0,0.0,0.4606666666666675,,1750.2014953090309,,145.0,305.0,4.55,-1.610697292863002,2.939302707136998,288.75,11.023312288947977,315.8762934004056,,,,
145,75.0,145.0,70.0,4.486,0.6324305540675039,375.0,271.1733333333333,405.6,122.0,97.96741051905741,0.8609189229083348,18.535999999999998,18.07,19.27,0.4274141517812165,87.10666666666665,89.4,84.3,1.5139667229154148,-0.7174500354350931,0.2759863292990981,1.3783171296296297,3.391,0.0,110.0,1.0116666666666676,2.489666666666666,0.8679333333333334,1.302333333333334,0.1353333333333332,1.2103333333333341,1.276999999999999,1.0,137.0,137.0,327.0,688.0,11.216026315789474,-8.567705147906262,2.648321167883212,289.71236842105264,13.536872574809479,315.007212842184,10.82292912313888,0.6149642857142857,,
146,15.0,290.0,275.0,3.749,0.7844056793407354,375.0,255.81214285714285,655.9,11.95,234.4461856120759,0.5576422590634057,16.69232142857143,14.6,20.09,1.7259210885484029,87.545,91.4,76.54,4.263678735978632,-0.020117684186824716,-0.48772583566928485,2.5058680555555566,4.505333333333332,0.24166666666666609,25.0,2.9519999999999986,3.0450000000000017,2.293333333333333,3.9253333333333336,0.24166666666666609,3.3700000000000023,1.401000000000001,1.0,237.81871140621683,305.0,137.0,229.0,,,6.679485347985348,288.8127976190476,-1.0524776313149005,304.7618566740173,0.0,0.0,,
